filename,henry_cons,f-chi-0-all,f-chi-2-all,f-chi-3-all,f-Z-0-all,f-Z-2-all,f-Z-3-all,f-I-3-all,f-T-1-all,f-T-2-all,f-T-3-all,f-S-1-all,mc-chi-1-all,mc-chi-2-all,mc-chi-3-all,mc-Z-0-all,mc-Z-1-all,mc-Z-2-all,mc-Z-3-all,mc-I-3-all,mc-T-0-all,mc-T-1-all,mc-T-2-all,mc-T-3-all,mc-S-1-all,mc-S-2-all,mc-S-3-all,D_mc-chi-1-all,D_mc-chi-2-all,D_mc-chi-3-all,D_mc-Z-1-all,D_mc-Z-2-all,D_mc-Z-3-all,D_mc-T-1-all,D_mc-T-2-all,D_mc-T-3-all,D_mc-S-1-all,D_mc-S-2-all,D_mc-S-3-all,f-lig-chi-0,f-lig-chi-1,f-lig-chi-2,f-lig-chi-3,f-lig-Z-0,f-lig-Z-1,f-lig-Z-3,f-lig-I-0,f-lig-I-3,f-lig-T-0,f-lig-T-2,f-lig-T-3,f-lig-S-0,f-lig-S-1,f-lig-S-2,lc-chi-3-all,lc-Z-0-all,lc-Z-3-all,lc-T-0-all,lc-T-1-all,lc-S-0-all,lc-alpha-1-all,lc-alpha-2-all,lc-alpha-3-all,D_lc-Z-2-all,D_lc-Z-3-all,D_lc-T-1-all,D_lc-S-2-all,D_lc-S-3-all,D_lc-alpha-2-all,D_lc-alpha-3-all,func-alpha-0-all,func-alpha-2-all,D_func-chi-3-all,D_func-T-1-all,D_func-alpha-3-all,feature_2,feature_4,feature_6,feature_7,feature_9,feature_10,feature_11,feature_13,feature_16,feature_17,feature_19,feature_42,feature_44,feature_45,feature_46,feature_47,feature_48,feature_51,feature_52,feature_54,feature_56,feature_58,feature_59,feature_60,feature_61,feature_62,feature_68,feature_86,feature_88,feature_89,feature_90,feature_92,feature_93,feature_96,feature_97,feature_98,feature_100,feature_101,feature_102,feature_103,feature_104
HURGAE_clean_no_solvent.cif,0.031,124.9505,412.2072,630.0238,2146,7050,5406,80,230,345.3333333,317.3333333,23.85533333,23.7864,29.9772,59.5188,900,1002,2142,2520,12.4,19.6,51.6,96,159.2,4.25488,7.96742,12.25636,-7.156,-5.958,-15.612,98.6,150.6,288,7.8,9.8,18,2.516,3.612,6.888,130.6580667,272.7361,445.6250667,490.8578333,505.6666667,1049,1295.333333,19.5,76.66666667,112.6666667,372.3333333,358.6666667,7.64195,18.36806667,26.60266667,22.935,58.375,81,2.125,5.875,0.544,92.93125,145.0825,145.796421,2,11.75,-1.75,-0.04,0.515,-6.675,-4.135665,17.55625,142.9199391,4.445,-0.0625,-5.369108125,0.014566096,-0.000372278,0.006199195,0.005284155,-0.000135052,0.011771068,0.00450418,-0.000115117,-9.42E-05,0.008207643,-0.000256437,3.90E-07,2.65E-06,-9.81E-07,7.63E-07,-5.07E-06,2.02E-06,2.46E-06,8.85E-06,-9.75E-06,-4.85E-05,-1.26E-05,-2.05E-05,7.04E-06,-9.43E-06,0.000154706,-3.79E-35,1.63E-07,-1.15E-06,2.45E-07,8.99E-06,-9.47E-06,1.88E-05,-1.12E-05,3.13E-05,-8.07E-05,-3.50E-05,1.64E-05,6.09E-05,-5.05E-05,0.000160672
HURGEH_clean_no_solvent.cif,0.00622,246.6297,1199.3144,1386.1136,3471,13408,14448,168,550,872,968,48.1362,36.64746667,28.68253333,71.39613333,729,1224,1782,2394,12.33333333,32.33333333,72.33333333,130,168,5.2122,6.9678,11.5962,-8.84,-3.35,-14.79,107.6666667,105,244.3333333,19.66666667,13.66666667,41.33333333,3.003333333,2.45,6.336666667,144.0441,255.969,399.6456,462.213,711,1260,1944,18,66,90,294,306,8.9442,19.1268,27.591,17.544,64,96,1,3,0.5329,59.89,87.98,119.78,2,4,-2,-0.04,-0.08,-6,-12,28.09,87.98,1.78,-2,-12,0.002702206,-0.000112552,0.000996029,0.00101953,-4.25E-05,0.001505416,0.001043586,-4.35E-05,-1.09E-05,0.000386616,-6.42E-05,9.36E-07,-2.32E-06,1.25E-07,-2.00E-06,-3.17E-06,2.99E-06,3.68E-06,5.41E-06,-1.76E-06,9.92E-06,-1.03E-06,-1.63E-06,6.63E-06,4.73E-06,1.66E-05,1.09E-35,-2.41E-06,6.23E-06,-2.19E-05,1.99E-05,1.09E-05,-1.62E-05,2.24E-06,-4.78E-06,2.26E-05,-9.74E-06,2.81E-05,1.60E-05,-5.31E-05,0.000205359
HUTTIA_clean_no_solvent.cif,0.022,170.617,672.9868,916.608,2698,7408,8352,112,308,428,512,32.8444,27.72,25.245,55.209,900,1170,1080,2100,12,25,55,90,140,4.8077,6.0522,10.8468,-8.55,-5.4,-13.66,111,144,290,14,12,32,2.88,3.24,7.44,248.8916667,461.7950667,803.8314667,962.715,1120.666667,2096.666667,3804,32,138,172.6666667,616,715.3333333,14.46506667,33.177,51.04933333,18.73866667,59,82.66666667,2,6,0.542766667,95.67333333,136.635076,129.9617427,6,7,-2,0.213333333,0.193333333,-4.671406667,-7.371406667,27.5784,113.6890047,3.63,-2.333333333,-18.05570333,0.007136836,-0.002972531,0.002835341,0.002715279,-0.001130928,0.005208283,0.002600301,-0.00108304,-0.000540198,0.002487783,-0.002077421,3.62E-05,-6.08E-05,-6.12E-05,-3.21E-05,-5.73E-05,8.89E-05,5.29E-05,9.25E-05,7.41E-05,0.000124379,-1.80E-05,1.99E-05,9.53E-05,0.000121961,0.000166574,-4.06E-07,-4.35E-06,-8.83E-07,-1.50E-05,4.78E-05,4.08E-05,-7.34E-06,2.58E-05,-3.60E-05,1.99E-06,-4.27E-05,3.34E-05,9.96E-05,-8.18E-06,4.57E-05
HUTZEB_clean_no_solvent.cif,0.00381,231.2202,1036.7562,1411.6384,3158,9846,12288,196,576,952,1152,53.582,19.35,18.6972,38.04105,510.5,700,833.5,1354,10,20.5,55,89.5,117,4.74135,8.19,10.8168,-9.855,-6.41,-19.105,51.5,85,113,8.5,12.5,20.5,3.21,4.49,7.1,118.7144,219.096,337.3204,385.387,548,1008,1420,16,58,80,256,250,7.4224,16.2624,23.0448,12.53142857,64,68.57142857,0.714285714,2.142857143,0.5329,42.77857143,62.84285714,85.55714286,1.428571429,2.857142857,-1.428571429,-0.028571429,-0.057142857,-4.285714286,-8.571428571,0,0,0,0,0,0.008226218,-0.002113707,0.003237879,0.003216007,-0.000826345,0.00500418,0.003194282,-0.000820763,-0.00035265,0.002135579,-0.001277127,8.90E-06,-1.34E-05,-1.95E-05,-2.03E-05,-7.40E-06,4.69E-05,4.51E-05,9.48E-06,4.54E-05,3.46E-06,4.59E-05,1.45E-05,8.29E-05,-4.51E-06,2.81E-05,3.02E-35,-3.09E-06,1.27E-05,-1.18E-05,1.77E-05,-7.89E-07,9.23E-06,-4.44E-06,4.60E-06,4.74E-05,-9.49E-05,-3.71E-05,0.000163558,7.06E-05,0.00017149
HUVHIR_clean_no_solvent.cif,0.0019,331.4608,1299.7716,1332.5184,8302,23784,30528,192,560,828,1216,74.4308,20.812,13.6455,53.2675,900,880,1470,2260,10.33333333,13.66666667,27.33333333,52.66666667,103.3333333,3.506433333,4.838266667,10.0739,-6.563333333,-2.22,-15.23333333,80.66666667,61,234.6666667,6.333333333,-0.333333333,11.66666667,2.126666667,1.11,5.846666667,388.2919,695.7268,1310.9808,1534.072,2374,4912,5752,49,208,268,844,968,23.6338,53.831,79.24,25.5936,64,72,1,3.818181818,0.5329,119.2981818,110.9627273,86.995366,2,15,-2.818181818,-0.04,0.7,-6,-0.51422,178.1476923,290.3659898,1.145384615,0.692307692,2.348923846,0.005820362,-0.001992236,0.00215939,0.002025445,-0.000693284,0.004611905,0.001899808,-0.00065028,-0.000438871,0.002919482,-0.001480677,8.14E-06,-9.78E-06,-2.26E-05,6.21E-07,-4.86E-06,1.73E-05,-1.10E-05,4.23E-06,7.76E-06,5.49E-07,5.62E-05,1.76E-05,7.41E-05,-1.01E-05,1.74E-05,-6.36E-36,2.32E-06,-1.36E-06,1.28E-05,3.43E-05,-3.71E-05,1.72E-05,-1.75E-05,3.51E-05,2.30E-05,-4.67E-05,-5.06E-05,9.47E-05,5.06E-05,0.000362966
HUVHOX_clean_no_solvent.cif,0.00665,274.069,877.44,1163.9808,5824,15396,14784,152,440,580,672,56.9288,22.044,19.8495,61.7265,900,930,1440,2610,12,16,36,68,112,3.8514,5.8033,11.7114,-6.76,-3.78,-17.61,89,102,273,7,3,20,2.3,2.12,6.78,283.2123,502.2792,939.8258,1055.736,1731,3528,4092,35,142,190,586,656,17.3529,38.9614,56.9476,25.0092,60.25,85.5,1.75,5.75,0.5403,123.0325,130.905,127.9615245,1.25,12,-2.5,-0.025,0.51,-3.975,-3.310665,155.473,254.9391912,1.227,0,2.664312,0.004535165,0.000610466,0.001437393,0.001485441,0.000199951,0.003067551,0.001535096,0.000206635,9.62E-05,0.001476582,0.000426718,3.02E-06,-1.69E-06,-8.97E-06,3.16E-06,-1.59E-05,6.48E-06,-5.60E-06,2.31E-05,-5.77E-06,1.42E-05,7.26E-06,2.38E-05,1.75E-05,-3.28E-05,0.000121765,1.15E-34,-2.15E-05,8.30E-07,-1.70E-05,6.25E-05,-5.63E-05,-1.48E-06,-7.05E-05,3.01E-07,5.63E-05,4.11E-06,-5.27E-05,5.11E-06,-4.33E-06,4.56E-05
HUVNAP_clean_no_solvent.cif,0.034,189.9858333,914.3684667,1091.703467,5042.666667,21800,14890.66667,142,672,1037.333333,933.3333333,50.42853333,27.64662857,24.23208571,52.02422857,1730.285714,2100.571429,6169.142857,3634.285714,13.28571429,41.71428571,121.1428571,212,233.1428571,7.541314286,13.13045714,15.32005714,-12.88571429,-6.262857143,-20.47285714,217.1428571,182.8571429,452.5714286,24,18.28571429,49.71428571,5.68,4.365714286,11.63285714,342.3448,703.8,1179.4624,1505.0182,1366,2880,4930,52,236,292,1028,1128,21.29,51.2204,78.0824,30.33747692,60.04395604,149.5384615,1.714285714,5.142857143,0.540706593,83.59516484,141.3527773,230.8154447,4.21978022,7.912087912,-1.846153846,0.047472527,0.105494505,-7.861215824,-13.66528879,25.92923077,81.21230769,1.643076923,-1.846153846,-11.07692308,0.011924134,-0.006820936,0.004722098,0.004200031,-0.002402535,0.012169459,0.003735683,-0.002136915,-0.001547372,0.007837841,-0.006191643,3.72E-06,-2.78E-07,2.15E-05,7.94E-07,-1.59E-05,2.46E-05,8.30E-06,5.16E-05,-2.27E-05,1.07E-05,-0.000120957,-0.000246996,4.59E-05,5.31E-05,0.000137945,2.04E-06,-3.14E-06,-2.94E-06,-9.17E-06,1.96E-05,1.34E-05,1.59E-05,3.65E-06,2.46E-05,4.75E-05,7.54E-06,2.92E-05,1.76E-05,3.97E-05,0.000101795
HUWDEJ_clean_no_solvent.cif,4.992,92.7113,241.6632,372.096,2693,5388,2016,48,144,180,144,16.92,23.4688,39.372,73.34,2209,1316,2256,2632,16,16,48,96,128,3.84,7.8848,11.6736,-4.44,-4.96,-7.12,160,328,696,4,8,32,2.12,4.08,11.36,154.5932,339.711,541.35,645.177,542,1272,1512,26,110,142,484,514,9.8826,24.5014,35.3848,21.128,49,56,4,12,0.5625,167.24,233.945228,150.325228,14,13,-2,0.72,0.74,-2.01422,1.88578,0,0,0,0,0,0.021264107,-0.00839572,0.007747639,0.00770382,-0.003041704,0.012160221,0.007660249,-0.003024501,-0.001524536,0.006094837,-0.004774073,2.95E-05,-4.63E-05,-5.31E-05,-6.39E-05,-1.50E-05,8.85E-05,0.000109197,2.32E-05,9.79E-05,2.19E-05,7.42E-05,3.84E-06,0.000244324,9.20E-05,6.27E-05,-1.17E-34,3.88E-06,2.60E-05,-1.02E-05,4.26E-05,1.62E-05,-0.000142843,6.73E-06,-0.000163068,8.23E-05,-0.000126201,5.92E-05,0.000805874,-0.000321411,0.000230331
HUWHOY_clean_no_solvent.cif,0.011,91.9446,281.924,323.136,2789,4169,1764,38,146,159,98,17.67,28.392,21.5475,41.4388,2304,1872,1440,2352,9,25,55,75,100,5.4316,5.698,8.9244,-8.35,-4.3,-9.31,201,210,383,14,10,25,3.73,3.55,7.29,228.265,469.455,789.4813333,983.1242667,960,2016,3126.666667,33.33333333,153.3333333,187.3333333,702.6666667,721.3333333,14.25453333,34.06993333,52.50773333,20.07494286,61.85714286,94.42857143,1.428571429,4.285714286,0.537128571,75.22571429,104.7093183,120.4132001,3.571428571,6.357142857,-2,0.071428571,0.105,-4.87346,-8.921158214,37.615,213.6524273,2.864642857,-1.714285714,-7.949188929,0.011882973,8.33E-05,0.004209104,0.0043784,3.07E-05,0.00781549,0.004554506,3.19E-05,7.68E-06,0.001955684,5.70E-05,1.83E-05,-1.48E-05,-3.02E-05,3.59E-05,-6.05E-05,6.00E-05,-6.77E-05,0.000130636,4.28E-05,-7.51E-06,-3.45E-05,-0.000158482,0.000110781,-0.000208812,0.00073572,-1.61E-07,-3.00E-06,7.98E-06,-3.10E-05,4.63E-05,3.64E-05,-2.25E-05,7.46E-06,-7.90E-06,4.77E-06,-1.98E-05,3.89E-05,1.77E-05,-3.86E-05,0.000209576
HUWLUI_clean_no_solvent.cif,0.00301,267.3348,2601.4636,3117.7936,18034,51464,29512,346,1736,2520,1688,84.2238,48.568,54.041,39.312,8100,15660,9630,7290,12,144,456,456,444,17.255,18.8825,16.6775,-21.76,-23.37,-14.64,906,1153,999,106,130,107,11.14,13.71,11.47,282.2638,561.5832,916.3266,1186.437,1441,3012,5304,41,186,224,834,978,18.9476,44.9294,68.8014,11.46366667,60.88888889,57.33333333,1.388888889,2.888888889,0.539566667,54.82111111,67.68388889,99.58340956,1,3.111111111,-0.388888889,-0.02,0.048888889,-3,-4.490468889,312.5,847.5,-1.11,3,102.57867,0.008776266,-0.001527392,0.003030141,0.00328445,-0.000571615,0.004205577,0.003560103,-0.000619588,-0.000291497,0.002144647,-0.000793352,2.61E-05,-3.10E-05,-3.23E-05,-4.92E-05,-2.88E-05,8.18E-05,8.84E-05,5.07E-05,2.07E-05,3.48E-05,3.30E-05,3.73E-05,0.000139979,4.19E-05,4.48E-05,-8.31E-35,2.02E-05,-9.37E-06,-3.96E-05,9.11E-05,6.19E-05,3.56E-06,-2.18E-05,-5.30E-05,-7.25E-05,2.89E-06,7.00E-05,4.71E-05,1.51E-05,0.00014264
IBICON_clean_no_solvent.cif,0.00219,181.974,765.9872,979.8624,5064,11132,11208,128,400,580,552,38.7024,26.268,28.875,50.5395,900,1950,1110,1530,12,25,60,105,130,5.371,6.5369,9.3796,-7.67,-5.95,-10.83,85,173,309,13,14,34,2.45,4.18,8.56,181.4379,371.229,627.1502,765.6034,636,1344,1936,29,124,158,522,556,10.6293,25.5178,37.6508,33.3336,56.5,141.75,2.5,8.5,0.5477,113.565,190.2057675,210.648302,9.75,10.25,-2.5,0.43,0.42,-4.2588875,-5.3088875,0,0,0,0,0,0.020289113,-0.010232759,0.007912648,0.007234588,-0.003648745,0.01991623,0.006614634,-0.003336072,-0.001796965,0.009808515,-0.009183934,9.84E-06,-2.25E-05,-5.54E-05,-1.37E-05,2.35E-05,2.09E-05,1.87E-05,-3.27E-05,0.00013303,-6.79E-05,8.79E-05,-0.000148166,3.48E-05,-5.50E-05,9.28E-05,2.00E-06,-3.44E-08,1.86E-05,2.24E-07,2.72E-05,3.43E-05,-4.40E-05,3.42E-07,-4.01E-07,1.23E-06,-5.68E-05,-2.62E-06,8.40E-05,-2.56E-06,1.13E-05
IBUBIT_clean_no_solvent.cif,0.00687,120.7451667,393.2466667,642.3636,2130.666667,5606.666667,6056,80,221.3333333,324,354.6666667,23.61813333,21.12,28.2216,52.3908,900,888,1200,2448,12,17.2,44.8,82.8,121.2,3.88808,6.41376,10.82584,-6.2,-6.544,-11.952,90.4,152,278.4,6.8,8.4,23.2,2.272,3.488,7.456,79.6832,152.7206857,221.4135429,193.2755714,361.1428571,693.7142857,638.2857143,10.85714286,29.42857143,52.57142857,152,118.5714286,4.979371429,10.90365714,14.42822857,10.06666667,55.42857143,43.80952381,2.714285714,7.380952381,0.549814286,110.2385714,136.6943726,64.04004343,5.80952381,4,-1.619047619,0.264761905,0.11047619,-1.85303619,-4.04080381,12.03857143,37.70571429,0.762857143,-0.857142857,-5.142857143,0.006324345,0.001068012,0.002557825,0.002472161,0.000417481,0.003392537,0.002389366,0.0004035,0.000145794,0.001184748,0.000553721,3.82E-05,-7.43E-05,-2.06E-05,-5.82E-05,-0.000124367,0.000121754,0.000103873,0.000223069,4.66E-05,0.000220281,3.17E-05,4.97E-05,8.94E-05,0.000187414,0.000464277,-2.01E-08,-1.26E-05,-7.78E-06,-3.40E-05,7.94E-05,1.43E-05,3.26E-05,-6.70E-07,2.91E-05,7.16E-05,-2.50E-05,-9.08E-07,5.01E-05,7.14E-05,0.000197663
IBUYAH_clean_no_solvent.cif,0.00419,157.3628,414.8056,579.216,2627,5698,3996,70,216,252,216,28.009,21.714,23.14125,49.434,900,915,990,1725,11,16,38,66,92,3.8645,5.54785,9.3534,-6.56,-4.95,-11.81,89.5,132,272.5,6.5,5.5,21,2.29,2.97,7.27,255.63625,540.3195,861.3847,1019.6985,1105,2394,3597,37.5,157,206,754,825,16.64335,39.8244,59.5938,15.6816,55,67.8,2.8,8.4,0.55066,124.3,158.2431368,118.0955684,8.6,5.8,-2,0.428,0.184,-1.268532,-5.404266,44.092,277.9963526,3.484,-0.8,-5.3109975,0.009356583,-0.004547914,0.003733229,0.003653558,-0.001775869,0.007062105,0.003575586,-0.00173797,-0.000886943,0.003527111,-0.00335939,5.27E-06,-6.81E-06,-4.05E-06,-6.76E-06,-1.74E-05,1.68E-05,1.45E-05,3.05E-05,1.58E-06,9.19E-06,-3.75E-05,2.25E-05,9.12E-05,-8.56E-06,8.84E-05,-5.66E-35,1.34E-06,5.64E-06,-3.91E-06,8.19E-06,1.65E-05,-2.25E-05,8.96E-06,-2.30E-05,-4.01E-06,-5.18E-05,1.43E-05,8.41E-05,-1.96E-05,2.13E-05
ICIZAV_clean_no_solvent.cif,0.000693,264.614,1048.3992,1256.1792,5516,17928,21720,168,480,696,984,60.2688,25.384,22.173,71.801,841,899,1653,2320,13,16,36,72,116,4.0572,6.5136,12.3786,-5.76,-2.17,-13.09,85,88,297,7,2,23,2.58,2.18,8.97,101.411,184.2786,323.0716,301.82,650,1404,1328,14,46,72,212,196,6.7969,15.6076,21.4168,18.44,60.25,86,1.75,6,0.5403,141.185,145.538807,127.416307,5,6.25,-2.75,0.15,0.125,-5.003555,-8.528555,625,565,-0.74,10,68.38578,0.007756183,-0.001460779,0.00286106,0.002972809,-0.000559891,0.004177397,0.003088924,-0.00058176,-0.000316813,0.002363768,-0.00081749,3.03E-05,-7.55E-05,-4.62E-06,-5.42E-05,-0.000116028,9.90E-05,0.000106627,0.000210625,-4.24E-05,0.000290047,-0.000177539,-8.46E-06,0.000349826,0.000228176,0.000478496,-9.63E-35,-8.21E-06,1.10E-05,-4.68E-05,0.000148069,0.000118358,-3.39E-05,3.58E-05,-2.85E-05,-2.01E-05,-0.000165797,-2.85E-05,0.000252333,8.50E-05,0.000438602
IDIWUN_clean_no_solvent.cif,0.00672,324.387,1696.242,2359.84,6972,32160,38656,328,928,1712,2304,73.7008,26.488,27.555,75.548,900,1120,3540,3200,14,22.66666667,64,124,162.6666667,4.462733333,9.3796,13.52793333,-8.353333333,-3.5,-22.68666667,102.6666667,122,313.3333333,9.333333333,12.66666667,30.66666667,2.706666667,3.32,8.013333333,177.0894,355.011,557.1304,682.442,768,1560,2360,26,108,138,484,524,11.5274,26.8422,39.4612,17.544,64,96,1,3,0.5329,59.89,87.98,119.78,2,4,-2,-0.04,-0.08,-6,-12,0,0,0,0,0,0.009902618,-0.001493869,0.003687954,0.00372667,-0.00056219,0.006298276,0.003765793,-0.000568092,-0.000164664,0.001844751,-0.000960107,5.74E-06,-1.88E-06,-1.45E-05,3.28E-06,-1.49E-05,1.47E-05,6.96E-06,2.69E-05,-4.18E-05,2.02E-05,-0.000265703,-3.55E-05,0.000341573,8.13E-05,7.35E-05,2.50E-08,-8.04E-06,1.52E-05,1.95E-05,7.01E-05,0.000104208,-6.66E-05,7.76E-05,-0.000103075,-2.86E-05,-0.000127023,-0.000134646,0.000141725,7.65E-05,0.000204158
IFENOY_clean_no_solvent.cif,0.000871,119.9576,354.8122,498.8,2372,5656,3656,64,220,278,232,23.3544,22.044,22.605,37.6365,900,930,1500,1470,8,16,44,60,76,3.8514,5.7116,7.3884,-6.76,-3.8,-9.61,89,130,191,5,9,13,2.3,3.5,4.84,212.4354,470.118,759.5444,931.113,885,2040,3186,33,148,188,720,788,14.3689,35.6356,54.706,23.744,56.5,114.5,2.5,7.5,0.5477,113.565,171.666307,201.996307,5,6.5,-2,0.15,0.12,-5.453555,-10.403555,41.425,255.286307,3.13,-1,-9.460665,0.012059127,-0.000521225,0.004395865,0.004557683,-0.000196994,0.006618706,0.004725459,-0.000204246,-7.58E-05,0.002547885,-0.000296607,2.45E-05,-3.29E-05,-2.58E-05,-2.97E-06,-0.000102463,5.59E-05,5.42E-06,0.000154125,3.17E-05,0.000130085,-1.22E-05,0.000119375,5.36E-05,-3.44E-05,0.000474821,-6.44E-07,-1.26E-05,1.52E-05,1.90E-06,4.50E-05,6.20E-05,-5.44E-05,7.64E-05,-7.02E-05,-5.78E-05,-8.18E-05,-4.34E-05,7.89E-05,3.93E-05,7.36E-05
IFEPIT_clean_no_solvent.cif,0.000515,15.43767333,18.98293333,20.672,4027.533333,741.3333333,112,2.666666667,11.2,9.466666667,5.333333333,2.67144,3.154,3.3304,1.52,3965.2,329.3333333,338,3200,0.666666667,2.066666667,4.133333333,4.066666667,3.333333333,0.91222,0.910766667,1.7914,-0.873333333,-0.906,3.70E-17,46.6,46.53333333,0,0.6,0.666666667,0,0.641333333,0.642666667,0,15.7441,15.504,0,0,85,84,0,2,0,2,0,0,1.1554,1.155,0,0,41.90909091,0,1,1,0.579081818,83.62,0,0,0,0,0,0,0,0,0,4.978181818,0,0,0,0,0,0,0,0,0,0,0,0,0,0,0,0,0,0,0,0,0,0,0,0,0,0,0,0,0,0,0,0,0,0,0,0,0,0,0,0,0,0,0,0,0
IFESAP_clean_no_solvent.cif,0.252,463.9652,4139.7696,3434.496,27830,141624,138624,528,2112,4272,5664,144.7152,30.272,16.06,86.9,4225,4160,18460,11960,24,64,160,352,448,9.8112,16.464,29.7024,-18.72,-5.8,-52.6,456,236,1376,44,20,136,7.6,3.64,22.64,381.5476,1386.4832,1617.7884,2383.732,1640,4928,8000,48,352,928,5452,6832,20.2128,83.512,107.1152,7.518857143,64,41.14285714,0.428571429,1.285714286,0.5329,25.66714286,37.70571429,51.33428571,0.857142857,1.714285714,-0.857142857,-0.017142857,-0.034285714,-2.571428571,-5.142857143,5.994685714,36.22457143,2.907857143,-0.857142857,-11.66876143,0.014260756,0.004247229,0.010186909,0.009123589,0.002717245,0.014487614,0.008171259,0.002433616,0.000926672,0.004940762,0.003864411,8.68E-14,2.64E-13,-4.52E-13,5.07E-13,-2.59E-13,2.03E-13,-7.76E-13,3.96E-13,-1.38E-12,-7.88E-13,-2.64E-12,1.35E-12,2.96E-12,-1.51E-12,7.71E-13,1.17E-08,1.53E-05,-1.58E-05,1.15E-05,0.000737367,0.000382074,-0.000443818,0.000222945,-0.000258974,0.000187975,-0.000229968,0.000166922,0.000267131,-0.000193897,0.000140739
ILEHUD_clean_no_solvent.cif,0.00902,677.4204,3186.96,3259.4688,17472,58560,80640,480,1344,2112,3264,166.0896,22.704,14.454,56.628,900,960,1800,2400,10.66666667,16,32,64,106.6666667,3.8252,5.5544,10.34026667,-7.16,-2.16,-16.72,88,60,240,8,0,16,2.32,1,6.08,124.7924,192.0862,400.7958,471.3864,974,2020,3084,15,60,78,242,204,7.7109,17.11,25.972,28.1392,64,232,1,4,0.5329,132.5,116.07,220.48,2,-5,-3,-0.04,-0.37,-6,-25.7,426.03,801.63,-1.286666667,5.666666667,94.84059667,0.005793745,-0.003360903,0.002051277,0.002011142,-0.001166647,0.004332574,0.001971793,-0.001143821,-0.000756911,0.002810938,-0.002464116,2.42E-06,-1.66E-06,-3.43E-06,1.29E-05,-2.09E-05,2.74E-05,-3.09E-05,6.25E-05,-2.79E-06,-3.30E-06,-4.61E-05,3.45E-05,0.000286418,-0.000273143,0.00030941,-2.47E-35,-1.70E-08,9.66E-06,-1.85E-06,4.61E-05,1.64E-06,-2.06E-05,-2.07E-05,1.26E-05,-9.08E-06,-8.99E-06,2.77E-05,8.92E-05,-4.81E-05,7.22E-05
ILINIC_clean_no_solvent.cif,0.00199,101.86005,404.1292,413.6832,19391,78726,38296,68,424,632,552,52.8804,22.5112,18.14028571,31.55085714,5150.571429,4563.428571,19750.28571,9257.142857,6.857142857,21.14285714,58.28571429,84.57142857,91.42857143,6.894342857,10.0004,11.04822857,-3.474285714,-1.142857143,-3.817142857,265.1428571,62.85714286,360,8.571428571,2.857142857,11.42857143,2.84,0.885714286,3.828571429,15.7441,15.504,0,0,85,84,0,2,0,2,0,0,1.1554,1.155,0,0,42.5,0,1,1,0.5777,83.62,0,0,0,0,0,0,0,0,0,0,0,0,0,0,0,0,0,0,0,0,0,0,0,0,0,0,0,0,0,0,0,0,0,0,0,0,0,0,0,0,0,0,0,0,0,0,0,0,0,0,0,0,0,0,0
IQEKOG_clean_no_solvent.cif,0.016,325.1836,1246.6376,1550.892,5308,15536,13872,208,744,1184,1216,72.9336,20.724,29.4525,52.4205,900,870,1260,1980,12,16,44,84,120,3.9038,7.0609,10.9516,-5.96,-6.3,-11.97,91,168,294,5,7,18,2.26,3.78,7.36,164.2842,327.256,495.3676,541.6378,768,1528,2224,22,76,114,370,364,10.4326,23.7326,33.95,32.175,52.75,159,3.25,9.75,0.5551,140.4025,233.291307,227.008807,5.5,4.5,-2,0.14,0.16,-7.853555,-5.303555,28.09,87.98,1.703333333,-1.333333333,-7.835703333,0.004824536,-0.001006696,0.001939342,0.001859292,-0.000387963,0.002950654,0.001782545,-0.000371949,-0.000214886,0.001634318,-0.000590275,1.69E-05,-4.11E-05,3.11E-06,-5.70E-05,-5.77E-05,6.07E-05,0.000108499,0.000109801,-8.51E-06,0.000141384,-2.34E-05,-2.09E-05,0.0002052,0.000205047,0.00020573,-4.21E-37,-1.04E-05,6.77E-06,-3.80E-05,8.25E-05,6.24E-05,-3.34E-05,5.45E-05,-6.83E-05,-1.18E-05,-8.20E-05,8.42E-06,0.000124171,9.13E-05,0.000298964
KESBOA_clean_no_solvent.cif,0.026,103.692975,311.1633,558.144,2000.25,4806,3024,72,189,261,216,18.9225,25.7184,43.146,75.222375,1455.75,1050,1800,2259,16.5,22.5,67.5,135,189,4.26375,8.7549,13.018275,-5.22,-6.03,-8.9175,118.5,246,491.25,9,18,43.5,2.31,4.44,10.5525,167.1598,374.289,578.141,625.896,661,1560,1884,27,102,148,514,492,11.3571,28.0434,40.7354,26.296,49,84,4,12,0.5625,167.24,267.4568187,206.0718947,10.66666667,13.66666667,-2,0.453333333,0.726666667,-6.542813333,-0.71422,0,0,0,0,0,0.014162711,-0.005703232,0.005007953,0.005251611,-0.00211479,0.009505135,0.005507124,-0.002217683,-0.000972538,0.004371171,-0.004013888,2.97E-06,-2.31E-07,-8.33E-06,1.49E-05,-2.24E-05,6.93E-06,-2.26E-05,3.41E-05,-9.58E-08,-5.17E-06,-4.46E-05,6.63E-05,0.000101921,-0.00014888,0.000219047,-2.10E-35,5.15E-08,1.09E-05,5.85E-06,6.21E-06,1.26E-05,-1.13E-05,-1.93E-05,2.88E-05,2.25E-05,-0.000168625,-0.000105351,0.000216703,0.000135748,9.80E-05
KESBUG_clean_no_solvent.cif,0.024,103.692975,311.1633,558.144,2000.25,4806,3024,72,189,261,216,18.9225,25.7184,43.146,75.222375,1455.75,1050,1800,2259,16.5,22.5,67.5,135,189,4.26375,8.7549,13.018275,-5.22,-6.03,-8.9175,118.5,246,491.25,9,18,43.5,2.31,4.44,10.5525,167.1598,374.289,578.141,625.896,661,1560,1884,27,102,148,514,492,11.3571,28.0434,40.7354,26.296,49,84,4,12,0.5625,167.24,267.4568187,206.0718947,10.66666667,13.66666667,-2,0.453333333,0.726666667,-6.542813333,-0.71422,0,0,0,0,0,0.014159829,-0.005859231,0.005003645,0.005247965,-0.002171568,0.009514259,0.005504214,-0.002277602,-0.001015364,0.0044486,-0.004129162,2.51E-06,-1.76E-07,-6.69E-06,1.39E-05,-2.16E-05,5.86E-06,-2.08E-05,3.25E-05,-1.18E-06,-5.62E-06,-4.50E-05,6.47E-05,0.000115562,-0.000155957,0.00022052,-4.39E-35,-8.43E-07,6.61E-06,3.13E-06,7.04E-06,4.11E-06,-2.11E-07,-2.12E-05,3.31E-05,2.92E-05,-0.000143611,-9.62E-05,0.000191586,0.000125647,0.000106521
KESGAS_clean_no_solvent.cif,0.00587,190.803,639.9764,984.32,2262,7052,6736,120,328,432,424,36.5016,25.42,27.6675,57.3035,625,950,1050,1750,14,25,60,105,160,5.1291,7.4921,12.5934,-8.65,-7,-15.27,87,133,280,13,14,38,3.26,4.34,10.4,150.76515,301.7911,485.021,567.0892,743,1569,2012,22,87,116,380,391,9.62195,22.5209,32.4775,22.31626667,59,72,2,6,0.542766667,95.67333333,136.635076,115.3907942,6,11.88888889,-2,0.213333333,0.54,-4.671406667,-2.266615556,68.71866667,186.6484216,1.518666667,0,4.514312,0.010497208,-0.003328649,0.004648782,0.004059308,-0.0012872,0.007971168,0.003544581,-0.001123981,-0.000600042,0.003715843,-0.002207135,7.76E-06,-9.41E-06,-3.35E-05,2.31E-05,6.51E-06,2.26E-05,-3.80E-05,-1.05E-05,4.63E-05,-1.36E-05,-0.000110415,-7.02E-05,8.45E-05,7.03E-06,8.65E-05,1.09E-37,1.02E-05,1.97E-06,-5.73E-05,7.10E-05,8.69E-05,-4.18E-05,6.13E-05,-0.000113756,-0.000148478,-0.00018204,-2.98E-05,0.000232139,0.000175902,0.000464516
KESHAT_clean_no_solvent.cif,0.00258,133.5401,649.7346,873.885,4202,8925,4776,102,300,453,344,29.4844,26.7584,23.052,41.1659,3481,3245,2832,5015,12,53,115,186,229,9.0288,10.8416,15.8048,-15.77,-11.36,-22.87,358,424,623,38,38,57,7.19,7.92,12.14,102.9082,181.8923333,283.2885333,282.9974667,492,857.3333333,1166.666667,12.66666667,36,62,174.6666667,156,6.013533333,12.6438,17.60746667,25.76744,61.75,121.7,1.45,4.35,0.53734,75.9925,120.626,117.8315684,2.15,5.25,-2,-0.043,0.195,-6.855,-3.079266,41.07,229.215,1.6575,1.5,6.7340025,0.003452415,-0.000928099,0.001377948,0.001203069,-0.000323416,0.002683212,0.001050385,-0.000282371,-0.000289428,0.002401233,-0.000629773,4.58E-06,-8.07E-06,-3.94E-05,-4.75E-06,8.66E-06,1.63E-05,1.19E-05,-9.19E-06,4.10E-05,-2.08E-06,1.16E-05,-0.000116962,1.42E-05,-7.01E-06,6.92E-05,-3.36E-36,-3.06E-06,-1.34E-06,2.22E-05,2.78E-05,-1.34E-05,2.31E-05,-1.88E-05,4.52E-05,-3.88E-05,-8.81E-06,4.43E-05,7.61E-05,-2.73E-05,0.000250063
KETHEY_clean_no_solvent.cif,0.00704,147.217,427.0288,560.5888,5378,7600,5880,68,208,252,252,28.77,22.5784,21.5475,46.4243,2304,1488,1440,2688,10,16,36,60,88,4.3512,5.698,10.0344,-6.6,-4.3,-10.57,161,210,424,7,5,18,2.98,3.55,8.02,174.9885,348.789,544.0004,647.453,780,1572,2348,25,100,132,456,498,11.3601,26.2108,38.2304,18.44,60.25,86,1.75,5.25,0.5403,86.7275,124.471307,127.416307,5,6.25,-2,0.15,0.125,-5.003555,-8.528555,28.09,87.98,1.78,-2,-12,0.007533849,-0.000789923,0.003088135,0.002980286,-0.000312483,0.005060555,0.002876203,-0.00030157,-0.000124475,0.002015839,-0.000512068,2.07E-05,-5.01E-05,9.18E-06,-5.32E-05,-8.88E-05,7.05E-05,0.000108446,0.00017302,-0.000116562,0.000294263,-0.000243661,-0.000239878,0.000355782,0.000417418,0.000570377,-1.73E-35,4.94E-06,-9.41E-07,-3.60E-05,3.16E-05,1.61E-05,-2.68E-06,2.26E-06,-1.56E-05,-3.73E-05,-1.11E-05,2.19E-05,3.43E-05,1.41E-06,0.000269499
LUDTUZ_clean_no_solvent.cif,0.031,62.2744,168.8513333,173.47,7060,10879.83333,6484,24.66666667,119,109.5,47.33333333,18.41866667,17.71275,18.19125,32.44725,900,3202.5,1170,1237.5,8.25,14.25,34.625,51.125,60.75,5.1745,4.89285,6.4321,-4.5475,-3.6,-6.0525,5.75,96,206.25,5,3,14.5,0.9625,2.16,5.8975,230.5746,515.763,796.8186,920.778,954,2232,3192,36,144,198,678,720,15.69,38.4846,55.7232,21.128,49,56,4,12,0.5625,167.24,233.945228,150.325228,14,13,-2,0.72,0.74,-2.01422,1.88578,54.76,276.76,2.45,-2,-19.5,0.007485573,-0.001319633,0.00305759,0.002837968,-0.000500306,0.004711087,0.002634121,-0.00046437,-0.000242434,0.002282861,-0.000770863,3.42E-06,-6.12E-06,4.23E-07,-6.11E-06,-1.68E-05,9.23E-06,1.02E-05,2.76E-05,-3.33E-06,2.98E-05,-5.96E-06,-1.57E-06,2.03E-05,2.89E-05,8.32E-05,-6.81E-35,-3.69E-06,-6.23E-06,-6.26E-05,5.96E-05,1.47E-05,1.67E-05,1.60E-06,4.81E-06,2.11E-05,-2.39E-07,3.62E-05,2.07E-05,2.87E-05,0.00041429
LUDVAH_clean_no_solvent.cif,0.016,60.77726667,153.1208667,166.022,6525.916667,9676.166667,5212,23.33333333,86.16666667,78.16666667,39.33333333,15.58033333,18.44425,16.83,31.35,900,3467.5,720,840,8,15.41666667,31.08333333,47,62.66666667,5.480166667,4.0348,5.9736,-4.715833333,-3.6,-5.8,1.916666667,96,212,7.5,3.666666667,15.33333333,0.9475,2.16,5.92,230.5746,515.763,796.8186,920.778,954,2232,3192,36,144,198,678,720,15.69,38.4846,55.7232,21.128,49,56,4,12,0.5625,167.24,233.945228,150.325228,14,13,-2,0.72,0.74,-2.01422,1.88578,54.76,276.76,2.45,-2,-19.5,0.008030687,-0.000560118,0.003661329,0.003179888,-0.000221788,0.005249105,0.002761753,-0.000192625,-0.000104917,0.002483091,-0.000317969,4.81E-06,-5.42E-06,-5.31E-06,2.94E-06,-2.71E-05,1.45E-05,-4.74E-06,4.74E-05,4.81E-06,2.47E-05,-9.28E-06,2.05E-05,1.18E-05,-1.73E-05,0.000185214,-8.45E-35,-4.07E-06,3.20E-07,-4.09E-05,5.89E-05,2.99E-05,-4.79E-06,1.32E-05,-1.07E-05,8.44E-06,-2.10E-05,2.85E-05,3.06E-05,2.78E-05,0.000286678
LUDVEL_clean_no_solvent.cif,0.019,61.3669,156.9956,170.544,6760,10268,5424,24,88,80,40,15.886,18.81,16.83,31.35,900,3600,720,840,8,16,32,48,64,5.633,4.0348,5.9736,-4.8,-3.6,-5.8,0,96,212,8,4,16,0.94,2.16,5.92,230.5746,515.763,796.8186,920.778,954,2232,3192,36,144,198,678,720,15.69,38.4846,55.7232,21.128,49,56,4,12,0.5625,167.24,233.945228,150.325228,14,13,-2,0.72,0.74,-2.01422,1.88578,54.76,276.76,2.45,-2,-19.5,0.008503074,-0.000837037,0.003437651,0.003230258,-0.000317984,0.005184009,0.003035377,-0.0002988,-0.0001531,0.002495944,-0.000479523,4.45E-06,-6.77E-06,-1.66E-06,-5.98E-06,-2.02E-05,1.20E-05,1.05E-05,3.31E-05,-5.64E-06,2.94E-05,-1.96E-05,9.46E-06,4.35E-05,2.32E-05,9.34E-05,-6.26E-35,-3.80E-06,-6.90E-06,-4.50E-05,4.39E-05,4.84E-06,1.83E-05,5.03E-07,5.50E-06,2.32E-05,-3.79E-06,7.85E-06,2.11E-05,4.26E-05,0.000308468
LUDVIP_clean_no_solvent.cif,0.011,61.3669,156.9956,170.544,6760,10268,5424,24,88,80,40,15.886,18.81,16.83,31.35,900,3600,720,840,8,16,32,48,64,5.633,4.0348,5.9736,-4.8,-3.6,-5.8,0,96,212,8,4,16,0.94,2.16,5.92,230.5746,515.763,796.8186,920.778,954,2232,3192,36,144,198,678,720,15.69,38.4846,55.7232,21.128,49,56,4,12,0.5625,167.24,233.945228,150.325228,14,13,-2,0.72,0.74,-2.01422,1.88578,54.76,276.76,2.45,-2,-19.5,0.008633624,-0.001100165,0.003536103,0.003273658,-0.000417155,0.005297873,0.003030692,-0.000386195,-0.000188316,0.002391615,-0.000624992,9.14E-06,-1.82E-05,-1.44E-06,-1.52E-05,-4.06E-05,2.43E-05,2.49E-05,6.64E-05,2.14E-06,7.79E-05,-3.02E-06,5.55E-06,3.54E-05,6.35E-05,0.000190039,-7.09E-35,-2.09E-06,-3.65E-06,-6.31E-05,5.62E-05,1.33E-05,9.48E-06,-2.72E-06,2.34E-06,2.22E-05,-2.84E-06,3.61E-05,1.16E-05,2.70E-05,0.000430438
LUDVOV_clean_no_solvent.cif,0.02,61.3669,156.9956,170.544,6760,10268,5424,24,88,80,40,15.886,18.81,16.83,31.35,900,3600,720,840,8,16,32,48,64,5.633,4.0348,5.9736,-4.8,-3.6,-5.8,0,96,212,8,4,16,0.94,2.16,5.92,230.5746,515.763,796.8186,920.778,954,2232,3192,36,144,198,678,720,15.69,38.4846,55.7232,21.128,49,56,4,12,0.5625,167.24,233.945228,150.325228,14,13,-2,0.72,0.74,-2.01422,1.88578,54.76,276.76,2.45,-2,-19.5,0.008370335,-0.000696726,0.003455591,0.003180438,-0.000264732,0.005053594,0.002927195,-0.000243652,-0.000123966,0.002366447,-0.000387154,4.40E-06,-4.94E-06,-4.43E-06,-1.95E-06,-1.90E-05,1.15E-05,3.99E-06,3.06E-05,-3.58E-06,2.02E-05,-2.35E-05,2.05E-05,4.02E-05,5.52E-06,8.35E-05,-4.86E-35,-5.62E-07,-5.09E-06,-3.03E-05,2.14E-05,-2.55E-06,1.32E-05,-7.89E-07,3.68E-06,1.09E-06,-3.93E-06,-1.08E-05,1.50E-05,3.65E-05,0.000264949
LUDVUB_clean_no_solvent.cif,0.024,61.3669,156.9956,170.544,6760,10268,5424,24,88,80,40,15.886,18.81,16.83,31.35,900,3600,720,840,8,16,32,48,64,5.633,4.0348,5.9736,-4.8,-3.6,-5.8,0,96,212,8,4,16,0.94,2.16,5.92,230.5746,515.763,796.8186,920.778,954,2232,3192,36,144,198,678,720,15.69,38.4846,55.7232,21.128,49,56,4,12,0.5625,167.24,233.945228,150.325228,14,13,-2,0.72,0.74,-2.01422,1.88578,54.76,276.76,2.45,-2,-19.5,0.008572075,-0.002175902,0.003505754,0.003232429,-0.000820507,0.005216523,0.002980414,-0.000756537,-0.000450482,0.00286402,-0.001220906,5.34E-06,-1.61E-05,4.76E-06,-2.18E-05,-1.78E-05,1.48E-05,3.66E-05,2.95E-05,-1.67E-05,5.14E-05,-3.00E-05,-1.45E-05,0.000108078,6.91E-05,6.10E-05,-2.56E-09,7.63E-08,-8.38E-07,-1.84E-05,1.31E-05,1.52E-06,1.29E-06,-8.38E-08,-2.43E-06,1.41E-06,-5.50E-06,-8.38E-06,7.22E-06,1.73E-05,0.000167397
LUFBUL_clean_no_solvent.cif,0.01,84.7754,209.9612,299.472,1283,2906,1632,36,112,126,88,15.038,24.624,29.07,62.586,841,870,1044,1740,12,16,40,72,88,4.0848,6.3756,10.3224,-5.36,-3.9,-10.14,86,138,288,6,6,26,2.56,3.66,9.08,138.9545,289.4462,446.5556,470.46,605,1286,1596,20,72,106,358,344,8.9108,20.8678,29.9756,12.648,56.5,69,2.5,7.5,0.5477,113.565,132.102614,101.7,7,2.5,-2,0.36,-0.05,-0.10711,-7.95,45.87,227.435076,2.366666667,-1,-5.342813333,0.008531542,-0.003220743,0.003621115,0.003323013,-0.001254471,0.005804698,0.003049453,-0.001151199,-0.00061779,0.002858641,-0.002010935,7.49E-06,-1.31E-05,-7.62E-06,-1.18E-05,-1.59E-05,2.36E-05,2.18E-05,2.85E-05,1.58E-05,2.45E-05,-3.51E-06,1.09E-05,4.18E-05,3.19E-05,3.91E-05,-2.77E-08,5.62E-06,-2.69E-05,-4.74E-06,4.86E-05,7.24E-06,6.17E-05,-2.32E-05,-2.74E-05,6.97E-05,1.27E-05,-4.45E-05,0.00012167,1.35E-05,0.000183205
MAPLEX_clean_no_solvent.cif,0.016,233.5754,1706.0544,1539.618,9194,25842,21432,196,952,1324,1248,62.5296,36.084,19.8,53.376,3969,4410,6237,6552,15,81,198,243,342,11.1048,10.584,18.9336,-19.27,-8.1,-26.48,497,342,841,59,36,97,8.51,5.46,13.93,284.0229,558.45,889.1468,1105.566,1326,2628,4464,39,166,210,752,868,18.5087,42.5194,63.7072,18.379125,60.5,94.5,2,4.5,0.5404,83.3375,108.905,149.4625858,1.75,4.75,-1.25,-0.035,0.03,-5.25,-8.8017775,41.425,211.23,2.955,-2,-12.85711,0.005497621,-0.00187131,0.001954337,0.002046217,-0.000696503,0.003582126,0.002142417,-0.000729248,-0.000298561,0.001535505,-0.001276628,1.60E-05,-4.17E-05,1.12E-06,-5.29E-05,-2.88E-05,4.22E-05,8.78E-05,4.87E-05,-2.38E-05,8.94E-05,-6.26E-05,-5.65E-05,0.000238404,0.000140105,0.00011383,-4.91E-35,-6.47E-06,-5.75E-06,-8.26E-06,3.92E-05,1.41E-05,1.57E-05,3.25E-06,7.21E-06,2.21E-05,5.96E-06,3.40E-06,1.28E-05,1.84E-06,5.46E-05
MAQBEO_clean_no_solvent.cif,0.012,191.9082,740.5822,830.76,4584,18088,18336,118,372,624,732,41.0552,21.285,19.738125,59.816625,900,900,3195,2535,11.25,14.25,36,73.5,94,3.586125,7.922225,10.902475,-6.7125,-2.475,-17.69,82.5,66,253,4.75,2.25,17.25,2.175,1.485,6.415,289.1538,585.123,957.5344,1018.834,1176,2424,4144,42,148,226,700,868,17.1258,40.3942,58.4076,17.544,64,96,1,3,0.5329,59.89,87.98,119.78,2,4,-2,-0.04,-0.08,-6,-12,28.09,184.5455124,3.768,-2.933333333,-16.85996933,0.010408278,0.001249914,0.004370572,0.003520712,0.000422797,0.009061164,0.002836108,0.000340584,0.000351231,0.007527404,0.000876552,8.28E-07,2.52E-06,-5.04E-06,1.11E-05,-9.79E-06,1.85E-06,-1.57E-05,1.42E-05,-1.67E-05,-3.05E-05,-7.73E-05,6.31E-05,0.000166782,-0.00014338,0.000125983,-1.91E-35,-2.57E-05,-1.63E-05,-3.30E-05,9.26E-05,7.81E-05,6.19E-05,6.76E-05,7.51E-05,9.14E-05,3.42E-05,0.000131436,6.40E-05,3.25E-05,0.000225472
MAQBIS_clean_no_solvent.cif,0.026,127.8988,456.1952,525.632,2338,4832,6016,64,192,256,320,25.112,26.144,19.38,45.524,841,928,696,1624,8,16,32,48,80,4.0296,4.2504,8.28,-6.16,-2.6,-8.76,84,92,176,8,4,12,2.6,2.44,5.04,289.1538,585.123,957.5344,1018.834,1176,2424,4144,42,148,226,700,868,17.1258,40.3942,58.4076,17.544,64,96,1,3,0.5329,59.89,87.98,119.78,2,4,-2,-0.04,-0.08,-6,-12,28.09,191.443049,3.91,-3,-17.20711,0.011570233,0.00349189,0.004430382,0.003871865,0.001168527,0.008412173,0.003383757,0.001021216,0.000825423,0.005942185,0.002218737,1.91E-07,1.24E-07,-9.46E-07,1.16E-06,-1.80E-06,3.82E-07,-1.14E-06,2.18E-06,3.84E-07,-2.26E-08,-1.09E-05,1.19E-05,2.19E-05,-1.77E-05,2.22E-05,7.24E-36,-2.77E-06,3.42E-07,-1.10E-05,1.48E-05,9.40E-06,5.15E-06,-1.21E-05,2.50E-05,-1.66E-05,-2.75E-05,7.28E-05,3.55E-05,-5.10E-05,0.000153542
MAQJEW_clean_no_solvent.cif,0.000179,52.11282,165.21296,152.8704,984,1338.8,568.8,18.4,83.2,93.6,67.2,7.64696,37.8944,47.9028,46.7377,784,1288,1176,1792,9,36,96,144,108,5.3482,7.3326,6.7881,-8.38,-5.98,-7.28,122,238,188,20,36,36,2.84,6.04,5.28,39.4113,50.8321,58.7552,47.3344,213,277,256,4,4,12,14,4,2.2212,3.4038,3.3142,5.9168,52.75,32,1,1.5,0.5551,56.0425,21.995,14.045,0.5,0,-0.5,-0.01,0,-1.5,0,0,0,0,0,0,0.008935724,-0.000155222,0.004532496,0.003790508,-6.58E-05,0.008842896,0.003169986,-5.51E-05,-4.12E-05,0.005538369,-0.000128463,7.34E-06,-1.47E-05,3.80E-06,-3.05E-05,-2.69E-05,3.26E-07,2.68E-06,1.36E-07,-1.35E-05,6.51E-05,-1.88E-05,-2.91E-05,0.000128629,0.000117258,0.000128833,-1.99E-35,3.44E-05,1.89E-05,-5.73E-06,0.000180702,-0.000149543,-0.000208269,-4.55E-05,-5.03E-06,1.37E-06,0.000170971,-5.70E-05,0.000260663,-9.27E-05,5.19E-05
MAQMEZ_clean_no_solvent.cif,0.011,170.617,672.9868,916.608,2698,7408,8352,112,308,428,512,32.8444,27.72,25.245,55.209,900,1170,1080,2100,12,25,55,90,140,4.8077,6.0522,10.8468,-8.55,-5.4,-13.66,111,144,290,14,12,32,2.88,3.24,7.44,190.1573333,405.076,653.5302667,817.067,789.3333333,1736,2774,29.33333333,132,164,612,697.3333333,12.65146667,30.78973333,46.76746667,18.73866667,59,82.66666667,2,6,0.542766667,95.67333333,136.635076,129.9617427,6,7,-2,0.213333333,0.193333333,-4.671406667,-7.371406667,0,0,0,0,0,0.011319385,-0.003345574,0.004361993,0.004381442,-0.001294986,0.008177964,0.004400978,-0.00130076,-0.000577744,0.003648513,-0.002427869,1.60E-05,-2.43E-05,-4.26E-05,5.73E-06,-2.39E-05,3.92E-05,-1.34E-05,2.45E-05,4.35E-05,5.60E-05,-0.000131969,-0.000143234,8.68E-05,0.000122761,0.000296984,-2.80E-35,8.98E-06,-2.14E-05,-6.25E-05,0.000118531,-2.19E-06,6.88E-05,-8.70E-06,-2.35E-05,3.29E-06,-8.11E-05,-9.09E-05,0.000195641,0.000185982,0.000666373
MAQRAA_clean_no_solvent.cif,0.00232,104.2316,271.1448,297.904,2210,3240,3200,36,120,136,136,18.834,19.608,14.535,34.143,841,696,522,1218,6,10,20,30,46,3.0222,3.1878,6.21,-4.62,-1.95,-6.57,63,69,132,4,1,6,1.95,1.83,3.78,102.6858,183.957,280.0474,270.4616,730,1152,1810,13,38,64,190,146,7.0032,14.707,21.1198,17.6472,64,176,1,3,0.5329,59.89,87.98,162.71,2,-6,-2,-0.04,-0.33,-6,-20.1,202.225,482.43,-0.465,-2,33.04289,0.002216363,0.000422538,0.000812068,0.00083069,0.000158367,0.000897458,0.000849739,0.000161998,3.88E-05,0.000219719,0.000175019,9.71E-06,-1.45E-05,-1.60E-05,4.02E-07,-2.84E-05,2.91E-05,-6.49E-07,4.98E-05,2.06E-05,5.04E-05,-9.48E-07,2.79E-05,8.60E-06,-1.69E-05,0.0001575,-8.66E-08,-1.76E-06,1.77E-06,-7.74E-06,2.97E-05,2.83E-05,-1.89E-05,2.42E-05,-3.96E-05,-1.23E-05,-5.28E-05,-2.57E-05,8.84E-05,3.42E-05,0.000122554
MAQZOV_clean_no_solvent.cif,0.000917,665.1668,4756.6944,5870.6176,12032,62980,82792,776,3188,5708,7640,169.6904,37.9384,32.06653333,106.8278667,729,1174.5,2893.5,3465,18,38.5,114.5,201.8333333,329.1666667,5.2941,9.0447,16.3212,-8.586666667,-2.956666667,-22.98333333,123,95.33333333,357.6666667,20.16666667,14.66666667,59.5,3.568333333,2.271666667,9.726666667,99.1774,168.249,279.6664,326.511,419.2,686.4,691.2,13.2,49.2,65.2,170.4,126.4,5.39748,11.26356,15.60152,23.908,64,64,1,3,0.5329,59.89,87.98,107.665366,2,16,-2,-0.04,0.68,-6,-4.41422,11.236,35.192,1.348,-0.8,-1.765688,0.011880308,-0.002600136,0.0040465,0.004109315,-0.000899369,0.008216713,0.004173105,-0.00091333,-0.000330178,0.003016535,-0.001826234,5.83E-06,-4.77E-06,-3.95E-05,2.27E-05,-1.24E-06,2.77E-05,-5.22E-05,2.87E-06,3.73E-05,-1.38E-05,-0.000152174,9.17E-06,0.000114639,-3.40E-05,7.00E-05,-4.25E-08,-1.88E-05,3.50E-05,7.39E-05,8.10E-05,6.01E-05,-4.59E-05,-3.43E-05,-3.96E-05,-9.61E-05,-4.80E-05,-7.52E-05,0.000283419,0.000241134,0.000444982
MARJAQ_clean_no_solvent.cif,0.016,163.847075,752.28325,685.398,4297.75,14373.5,14474,93,298,444.5,484,34.6488,32.69262222,19.49571111,91.75493333,961,1295.111111,2927.777778,3651.111111,14.66666667,26.44444444,52.88888889,114,151.1111111,4.604533333,6.966044444,13.26524444,-8.811111111,-1.52,-24.14666667,116.6666667,64,336.8888889,16.22222222,4.444444444,46.22222222,2.624444444,0.72,7.488888889,52.1305,60.2688,142.0032,0,481,960,0,5,0,20,12,0,3.2552,6.1904,6.3948,0,66.19354839,0,0.838709677,3.35483871,0.529183871,111.1290323,70.67806452,0,0,0,-2.516129032,0,0,0,0,524.1935484,0,0,10.06451613,0,0,0,0,0,0,0,0,0,0,0,0,0,0,0,0,0,0,0,0,0,0,0,0,0,0,0,0,0,0,0,0,0,0,0,0,0,0,0,0,0,0
MARKOF_clean_no_solvent.cif,0.02,102.5047,281.945,452.0256,2844,5310,2454,54,228,248,180,21.1674,27.04,30.9946,77.233,2304,1776,2064,3936,17,25,75,125,195,5.4908,7.9476,15.5252,-7.55,-6.51,-16.97,203,293,734,10,10,46,3.69,4.99,14.67,152.1689,351.7919,520.0826,482.10855,674.75,1619,1707,21.5,73.5,128,392,349.5,9.76195,24.1783,33.8111,14.08533333,54,37.33333333,4,14,0.552633333,133.93,202.780152,100.2168187,9.333333333,8.666666667,-3,0.48,0.493333333,-1.342813333,1.257186667,48.0925,176.09,0.98,1,-7.8,0.007477654,-0.001503971,0.002996313,0.002851009,-0.00057342,0.004982073,0.00271275,-0.000545612,-0.00026915,0.002338473,-0.000953445,5.91E-06,-1.11E-05,4.84E-06,-1.54E-05,-3.12E-05,1.69E-05,2.81E-05,5.38E-05,-3.24E-05,7.77E-05,-6.87E-05,-7.01E-05,0.000118755,9.02E-05,0.000254642,-5.69E-09,-3.05E-06,1.19E-05,-8.08E-06,2.37E-05,3.22E-05,-3.37E-05,2.15E-05,-2.76E-05,-1.80E-05,-0.00010169,-4.74E-05,0.000121878,6.21E-05,0.00015658
MARLAS_clean_no_solvent.cif,0.019,166.3579,552.5492,805.5413,3090,6372,4936,111,398,534,599,32.8106,27.04,30.9946,65.6058,2304,1776,2064,3168,15,25,75,115,155,5.4908,7.9476,13.3644,-7.55,-6.51,-13.47,203,293,654,10,12,44,3.69,4.99,13.17,137.6029333,304.5090667,441.2581333,428.5409333,612.3333333,1394.666667,1517.333333,19.33333333,65.33333333,107.3333333,325.3333333,310.6666667,8.799,21.1398,29.10693333,14.08533333,54,37.33333333,4,12.66666667,0.552633333,133.93,184.0534853,100.2168187,9.333333333,8.666666667,-2.333333333,0.48,0.493333333,-1.342813333,1.257186667,50.315,166.7266667,0.98,1.333333333,-7.8,0.007879256,-0.001339338,0.00311425,0.002991716,-0.00050854,0.005081466,0.002874003,-0.000488531,-0.000237165,0.00236981,-0.000829776,6.39E-06,-1.15E-05,6.47E-06,-1.88E-05,-3.43E-05,1.85E-05,3.36E-05,5.89E-05,-3.43E-05,7.61E-05,-6.67E-05,-6.32E-05,0.000126394,9.94E-05,0.000251754,-1.49E-09,-4.21E-06,1.39E-05,-7.68E-06,3.07E-05,4.48E-05,-4.04E-05,2.80E-05,-3.13E-05,-1.96E-05,-0.000117937,-5.55E-05,0.000129598,7.44E-05,0.000157852
MARLID_clean_no_solvent.cif,0.000959,409.9036,2917.2152,3212.96,15096,56348,61248,432,1500,2612,3384,108.0984,30.272,20.2675,64.6195,3249,3648,8436,7809,18.5,65,157.5,268.5,418,9.8696,13.49465,23.19525,-18.72,-9.075,-38.395,392,336.5,917.5,45.5,34,96.5,7.68,6.38,17.54,115.3894,202.521,323.5304,368.439,478,816,834,16,56,78,200,170,6.5104,13.8446,18.7568,17.931,64,48,0.75,2.25,0.5329,44.9175,65.985,80.7490245,1.5,12,-1.5,-0.03,0.51,-4.5,-3.310665,0,0,0,0,0,0.014643442,-0.000465822,0.005025917,0.005198209,-0.00016536,0.01080819,0.005376407,-0.000171029,-6.42E-05,0.004197351,-0.000355606,3.59E-05,-5.70E-05,-0.000128208,-2.27E-05,1.89E-05,7.23E-05,1.92E-05,-9.14E-06,0.000178932,-5.49E-05,0.000126463,-0.000302758,0.000243936,-1.92E-05,0.000148158,-9.70E-35,-6.26E-05,1.60E-06,2.67E-05,0.000256134,-3.31E-05,3.19E-05,1.58E-05,3.68E-05,-0.000127157,-0.00014013,-0.000257235,0.000481019,0.000421645,0.001100465
MARLOJ_clean_no_solvent.cif,0.0043,183.4382,1294.8244,1060.552,7482,20678,12768,130,760,1086,784,52.9688,30.272,16.6375,30.5635,3249,3648,5130,3705,9.5,65,162,196.5,256,9.8696,10.01325,12.09195,-18.72,-7.975,-17.335,392,280.5,476.5,45,28,43.5,7.68,5.06,8.9,116.4977333,225.386,340.8704,384.3676667,501.3333333,976,1006.666667,16,56.66666667,98.66666667,264,210,6.8144,16.2316,20.33786667,26.832,64,80,1,3,0.5329,59.89,87.98,127.6286993,2,16.66666667,-2,-0.04,0.666666667,-6,-6.41422,0,0,0,0,0,0.010139502,0.001420841,0.003557172,0.003533196,0.000495104,0.006389696,0.003509382,0.000491767,0.000158911,0.00205087,0.000889348,1.78E-05,-4.39E-05,-5.88E-05,-1.21E-05,-2.90E-06,3.75E-05,2.42E-05,1.79E-05,0.000100354,2.91E-05,-3.53E-05,-0.000149234,4.02E-05,3.91E-05,0.000136854,-2.76E-35,-1.48E-05,-9.08E-08,-1.59E-06,6.86E-05,-5.80E-06,-3.93E-06,3.05E-05,-1.92E-05,-2.88E-05,-1.60E-05,-5.64E-05,4.06E-05,2.69E-05,0.000141175
MARLUP_clean_no_solvent.cif,0.00514,183.527,1296.0352,1061.6528,7712,21040,12896,130,760,1086,784,51.5672,30.8224,16.9624,31.1192,3364,3712,5278,3770,9.5,65,162,196.5,256,9.5192,9.55995,11.66265,-18.56,-7.865,-17.145,400,286,486,45,28,43.5,7.2,4.73,8.33,116.4977333,225.386,340.8704,384.3676667,501.3333333,976,1006.666667,16,56.66666667,98.66666667,264,210,6.8144,16.2316,20.33786667,26.832,64,80,1,3,0.5329,59.89,87.98,127.6286993,2,16.66666667,-2,-0.04,0.666666667,-6,-6.41422,0,0,0,0,0,0.010185155,0.001412163,0.00356707,0.003554999,0.000492898,0.006415624,0.003542968,0.000491229,0.000152984,0.001991256,0.00088651,1.74E-05,-4.37E-05,-5.82E-05,-1.13E-05,-1.99E-06,3.64E-05,2.26E-05,1.66E-05,0.000103532,2.55E-05,-3.61E-05,-0.000156151,3.55E-05,3.45E-05,0.000136281,-5.01E-35,-1.34E-05,1.95E-06,2.50E-07,6.18E-05,-1.19E-06,-8.81E-06,3.41E-05,-2.12E-05,-3.74E-05,-1.59E-05,-6.01E-05,4.19E-05,3.32E-05,0.000146073
MARNOL_clean_no_solvent.cif,0.015,291.4794,1531.7712,2163.6452,4370,20494,24056,276,832,1498,1772,62.1136,34.8176,37.5342,84.365,729,1161,2619,2821.5,14.5,30.5,82.5,155.5,204.5,5.0841,9.009,13.6269,-8.18,-3.985,-17.615,105.5,132.5,287,15.5,18,41,2.895,3.56,7.455,264.1714,534.5522,856.159,1024.886,1189,2438,3956,37,152,202,718,806,16.9261,39.5018,59.214,21.48,60.25,106.125,1.75,4.75,0.5403,79.5125,121.485,165.0572303,2,6,-1.75,-0.04,0.0675,-6.45,-10.84016625,54.76,444,6.16,0,-1.13555,0.006932065,-0.001315172,0.002826499,0.002592148,-0.00049179,0.004646861,0.002377227,-0.000451015,-0.000258821,0.00244557,-0.00080852,8.48E-07,-4.78E-07,-1.84E-06,3.40E-06,-2.89E-06,2.71E-06,-5.49E-06,4.86E-06,-1.06E-05,1.08E-05,-3.60E-05,8.58E-07,0.000111989,1.00E-05,2.33E-05,1.56E-36,-5.71E-06,8.40E-06,-1.06E-06,2.95E-05,3.69E-05,-2.80E-05,3.21E-05,-2.54E-05,6.17E-07,-5.63E-05,-9.26E-06,6.30E-05,1.52E-05,1.50E-05
MARNUR_clean_no_solvent.cif,0.013,251.5596,1058.3442,1476.2752,4854,19200,19900,196,576,964,1148,51.414,25.212,27.38175,64.82025,900,1065,2940,2745,12.5,21,58,105,139,4.31645,8.53465,12.17645,-7.855,-4.22,-18.66,99.5,127,283.5,8.5,11.5,25,2.6,3.31,7.08,264.1714,534.5522,856.159,1024.886,1189,2438,3956,37,152,202,718,806,16.9261,39.5018,59.214,20.548,61.5,97.5,1.5,4.166666667,0.537833333,72.97166667,110.3166667,144.366307,2,6.666666667,-1.833333333,-0.04,0.116666667,-6.3,-9.853555,45.87,251.3266667,3.3,-1,-9.578516667,0.006912055,-0.002779354,0.002797504,0.002576313,-0.001035942,0.00497989,0.002372611,-0.000954033,-0.000669632,0.003218996,-0.001844099,5.66E-06,-5.11E-06,-4.89E-06,5.05E-06,-1.84E-05,2.09E-05,-8.95E-06,3.72E-05,7.84E-06,-3.14E-05,-1.56E-05,5.64E-06,7.51E-05,-7.81E-05,0.000165374,1.02E-08,-1.42E-05,-2.51E-06,-3.64E-05,8.28E-05,3.61E-05,1.25E-05,1.45E-05,1.46E-05,9.07E-05,6.25E-06,1.43E-05,1.94E-05,2.70E-05,0.000272085
MARPOL_clean_no_solvent.cif,0.011,49.97281304,144.473687,175.9515652,972.8695652,1386,712.173913,24,87.65217391,102.2608696,76.17391304,8.171191304,32.10264,51.85728,44.48772,740.8,1080,1344,2150.4,10.8,36,100.8,144,158.4,5.577,8.33388,7.97148,-5.796,-7.02,-2.856,123.6,248.4,220.8,19.2,40.8,38.4,2.808,6.336,6.576,65.97153333,122.859,202.4653333,222.0504,223.3333333,408,374,10.66666667,38,52.66666667,141.3333333,130.6666667,3.831466667,8.095266667,10.63986667,17.46596923,45,47.11538462,1.807692308,5.846153846,0.571853846,106.1330769,121.4165303,113.6465303,10.5,10.23076923,-1.884615385,0.597692308,0.603076923,1.52313,2.57313,8.424615385,0,0,0,0,0.023584181,-0.009200177,0.009418869,0.008509311,-0.003319478,0.024835085,0.007687586,-0.002998923,-0.00086405,0.006464499,-0.008752591,1.83E-06,-8.27E-06,-1.79E-05,-1.54E-07,-2.48E-06,4.82E-06,4.43E-07,7.73E-06,0.000144991,-1.02E-05,2.20E-06,-1.83E-05,1.75E-06,-1.16E-06,1.96E-05,-2.97E-34,-5.81E-06,-9.77E-06,-6.41E-06,1.58E-05,-5.18E-06,6.08E-05,-6.10E-06,0.000135302,8.25E-05,-9.88E-06,-1.02E-05,0.000316981,0.000120198,9.95E-05
MARXEK_clean_no_solvent.cif,0.00385,368.488,1859.4864,2314.9824,22132,29664,38784,288,768,1152,1536,83.7456,26.2128,19.431,45.6438,5041,3408,2556,5964,12,36,72,108,180,7.0956,7.4844,14.58,-13.02,-7.68,-20.7,378,390,768,24,18,42,5.34,5.1,10.44,144.0441,255.969,399.6456,462.213,711,1260,1944,18,66,90,294,306,8.9442,19.1268,27.591,17.544,64,96,1,3,0.5329,59.89,87.98,119.78,2,4,-2,-0.04,-0.08,-6,-12,0,0,0,0,0,0.002931791,0.00076552,0.000973532,0.001099977,0.000287215,0.001170326,0.001242846,0.000324519,5.54E-05,0.000225586,0.000345274,1.64E-06,-3.67E-06,-2.11E-06,-1.41E-06,-2.39E-06,4.85E-06,2.44E-06,4.10E-06,2.07E-06,2.06E-06,4.12E-07,4.24E-06,3.15E-06,3.92E-07,5.03E-06,5.37E-07,1.85E-07,1.56E-06,-1.11E-05,7.59E-06,-1.88E-06,-3.33E-06,-7.16E-06,9.21E-07,2.54E-05,-1.89E-06,-1.42E-05,6.87E-06,-2.06E-05,0.000212691
MASMIC_clean_no_solvent.cif,0.00158,79.5914,187.9736,275.0344,1253,2836,1492,36,112,126,88,15.266,22.173,30.001,39.71,841,783,1073,1653,9,16,40,64,80,4.1676,6.348,8.1972,-4.07,-4.39,-3.8,89,137,204,6,8,16,2.5,3.68,6.48,68.98615,142.28255,203.11,229.406,275.5,582.5,644,11,38,54,176,180,4.6523,10.503,13.9536,10.564,45.75,28,2.5,6.5,0.5701,129.2325,116.972614,75.162614,7,6.5,-1,0.36,0.37,-1.00711,0.94289,0,0,0,0,0,0.012626473,0.004462967,0.0049781,0.004858846,0.001717413,0.005293036,0.004742448,0.001676271,0.000516,0.001590302,0.001826064,0.000102937,-0.00018633,-0.000220682,4.18E-06,-0.00017969,0.00029973,-5.28E-06,0.000319119,0.000467178,0.000166895,-4.43E-05,0.000129002,1.41E-05,7.39E-05,0.00090983,-9.02E-35,-1.51E-05,-1.71E-05,-0.000102675,0.000260118,0.000188361,5.63E-06,0.000109382,-0.000112211,-7.73E-05,-0.000171774,-8.95E-05,0.000300819,0.000357358,0.000869713
MECLEL_clean_no_solvent.cif,0.06,110.75055,453.7895,393.9626,1823.25,4693.5,6367,53,186,242.5,208,23.007,28.5614,15.83166667,73.84533333,169,533,892.6666667,1386.666667,13.33333333,25.66666667,51.33333333,100.3333333,134.6666667,4.5738,6.4008,12.264,-9.69,-2.32,-24.4,24,-8,66.66666667,15.66666667,4,40.66666667,2.67,0.8,7.066666667,52.1305,60.2688,142.0032,0,481,960,0,5,0,20,12,0,3.2552,6.1904,6.3948,0,66.2173913,0,0.869565217,3.47826087,0.529143478,115.2173913,73.27826087,0,0,0,-2.608695652,0,0,0,0,543.4782609,0,0,10.43478261,0,0,0,0,0,0,0,0,0,0,0,0,0,0,0,0,0,0,0,0,0,0,0,0,0,0,0,0,0,0,0,0,0,0,0,0,0,0,0,0,0,0
MECVIA_clean_no_solvent.cif,0.00377,69.9671,174.532,180.8064,1962.333333,4168,2880,24,80,80,48,13.50986667,25.54773333,16.2644,76.6432,806.3333333,906.6666667,1700,2720,12,16,32,64,80,3.659733333,5.314133333,10.9792,-6.333333333,-1.333333333,-19,81.33333333,53.33333333,244,8,0,28,2.093333333,0.773333333,6.28,52.1305,60.2688,142.0032,0,481,960,0,5,0,20,12,0,3.2552,6.1904,6.3948,0,64,0,1,4,0.5329,132.5,84.27,0,0,0,-3,0,0,0,0,326.545,42.135,0,4.5,0,0,0,0,0,0,0,0,0,0,0,0,0,0,0,0,0,0,0,0,0,0,0,0,0,0,0,0,0,0,0,0,0,0,0,0,0,0,0,0,0,0
MECVOG_clean_no_solvent.cif,0.00384,69.84343333,173.948,180.8064,1927,4088,2880,24,80,80,48,13.47093333,25.08906667,15.9724,75.2672,771,885.3333333,1660,2656,12,16,32,64,80,3.640266667,5.285866667,10.9208,-6.466666667,-1.466666667,-19.4,78.66666667,50.66666667,236,8,0,28,2.066666667,0.746666667,6.2,52.1305,60.2688,142.0032,0,481,960,0,5,0,20,12,0,3.2552,6.1904,6.3948,0,64,0,1,4,0.5329,132.5,84.27,0,0,0,-3,0,0,0,0,326.545,42.135,0,4.5,0,0,0,0,0,0,0,0,0,0,0,0,0,0,0,0,0,0,0,0,0,0,0,0,0,0,0,0,0,0,0,0,0,0,0,0,0,0,0,0,0,0
MECVUM_clean_no_solvent.cif,0.00384,69.2125,170.6776,180.8064,1893,4008,2880,24,80,80,48,14.016,22.52053333,14.3372,67.5616,737,864,1620,2592,12,16,32,64,80,3.9128,5.6816,11.7384,-7.213333333,-2.213333333,-21.64,76,48,228,8,0,28,2.44,1.12,7.32,52.1305,60.2688,142.0032,0,481,960,0,5,0,20,12,0,3.2552,6.1904,6.3948,0,64,0,1,4,0.5329,132.5,84.27,0,0,0,-3,0,0,0,0,326.545,42.135,0,4.5,0,0,0,0,0,0,0,0,0,0,0,0,0,0,0,0,0,0,0,0,0,0,0,0,0,0,0,0,0,0,0,0,0,0,0,0,0,0,0,0,0,0
MECWIB_clean_no_solvent.cif,0.024,91.7089,230.2392,372.096,1384,3756,2016,48,144,180,144,17.1,20.064,33.66,68.244,900,840,1440,2400,16,16,48,96,176,3.93,8.0696,13.9384,-5.56,-7.2,-14.96,92,192,400,4,8,20,2.24,4.32,10.32,84.8757,179.571,285.9662,261.134,285,636,470,14,44,74,204,148,5.0478,12.166,16.6358,27.816,49,63,4,12,0.5625,167.24,255.352614,183.677842,8,19,-2,0.34,1.12,-4.90711,4.77867,0,0,0,0,0,0.014091003,-0.010900312,0.008282449,0.004983801,-0.003855296,0.025127399,0.002998905,-0.002319849,-0.002971967,0.019370183,-0.011696247,1.55E-07,3.97E-07,-8.17E-07,2.34E-06,-2.72E-06,3.22E-07,-3.37E-06,3.92E-06,-2.10E-06,-6.92E-06,-1.23E-05,1.41E-05,3.55E-05,-4.14E-05,4.87E-05,-2.47E-35,2.28E-06,-2.90E-06,-9.84E-06,6.81E-08,-3.56E-06,-1.97E-06,-9.97E-05,-5.33E-05,-0.000179042,0.000129118,0.000433184,6.96E-05,0.000233042,0.000782102
MECWOH_clean_no_solvent.cif,0.229,117.7189,315.9192,558.144,1528,5484,3024,72,320,384,480,26.4632,20.064,50.49,108.009,900,840,2160,3600,26,16,64,200,380,3.93,12.1044,21.9294,-5.56,-10.8,-22.56,92,288,660,0,-2,9,2.24,6.48,17.32,139.09445,390.4815,753.42395,710.94575,417.5,1374,1184,24,123.5,241.5,903.5,740,8.0128,27.027,41.54715,57.038,49,119,9,37.5,0.5625,250.86,414.135228,363.126991,15.5,40.75,-3.5,0.69,2.435,-7.86422,11.978785,0,0,0,0,0,0.02984309,-0.026997697,0.011197641,0.010627626,-0.009614333,0.057556562,0.010086627,-0.009124916,-0.013038542,0.078055716,-0.049418265,6.38E-34,1.60E-33,-1.29E-33,7.54E-34,-3.22E-34,2.08E-33,-1.39E-33,6.04E-34,-3.34E-33,-8.45E-34,-1.70E-33,7.35E-34,1.06E-33,-4.69E-34,2.16E-34,8.48E-08,-8.42E-06,-5.68E-06,5.04E-05,1.83E-05,6.46E-05,1.26E-05,6.59E-05,1.28E-05,-0.000113598,4.44E-05,-0.000393784,8.65E-06,-7.67E-05,0.000679258
MEFJOY_clean_no_solvent.cif,0.021,148.6350571,527.7586286,576.7405714,3084.571429,8585.142857,8886.857143,75.42857143,240,349.7142857,401.1428571,29.30845714,22.704,17.655,48.081,900,960,1800,2040,9.333333333,16,34.66666667,61.33333333,85.33333333,3.8252,5.650466667,9.100133333,-7.16,-3,-13.74,88,80,212,7.333333333,3.333333333,16,2.32,1.8,5.28,144.0441,255.969,399.6456,462.213,711,1260,1944,18,66,90,294,306,8.9442,19.1268,27.591,17.544,64,96,1,3,0.5329,59.89,87.98,119.78,2,4,-2,-0.04,-0.08,-6,-12,28.09,87.98,1.78,-2,-12,0.002659059,0.000673791,0.000923196,0.001021413,0.00025882,0.001311206,0.001130078,0.000286356,3.85E-05,0.000194891,0.0003676,8.63E-13,2.65E-12,-4.74E-12,5.70E-12,-3.12E-12,1.98E-12,-8.64E-12,4.72E-12,-1.45E-11,-9.56E-12,-3.14E-11,1.71E-11,3.77E-11,-2.06E-11,1.13E-11,5.64E-07,-2.96E-07,-2.42E-07,-3.82E-06,2.51E-06,-1.01E-06,6.90E-07,-3.40E-07,2.31E-07,3.66E-06,-2.78E-07,-4.39E-06,1.89E-07,2.99E-06,4.73E-05
MEFJUE_clean_no_solvent.cif,0.00929,149.3957714,532.1300571,582.6377143,3034,8544,8832,75.42857143,240,349.7142857,401.1428571,29.65885714,23.85066667,18.505,50.07766667,880.3333333,949.3333333,1792,2021.333333,9.333333333,16,34.66666667,61.33333333,85.33333333,3.893333333,5.722333333,9.240133333,-6.826666667,-2.666666667,-13.07333333,86.66666667,78.66666667,209.3333333,7.333333333,3.333333333,16,2.413333333,1.893333333,5.466666667,144.0441,255.969,399.6456,462.213,711,1260,1944,18,66,90,294,306,8.9442,19.1268,27.591,17.544,64,96,1,3,0.5329,59.89,87.98,119.78,2,4,-2,-0.04,-0.08,-6,-12,28.09,87.98,1.78,-2,-12,0.002604485,0.000428969,0.000945258,0.001013503,0.000166928,0.001556361,0.001086676,0.00017898,1.85E-05,0.000172292,0.000274846,9.72E-10,2.96E-09,-5.16E-09,5.95E-09,-3.12E-09,2.25E-09,-9.05E-09,4.74E-09,-1.57E-08,-9.50E-09,-3.16E-08,1.66E-08,3.64E-08,-1.91E-08,1.00E-08,1.72E-07,-2.07E-07,-3.39E-07,-4.21E-06,3.98E-06,5.34E-07,9.23E-07,7.05E-08,1.37E-07,1.63E-06,1.16E-07,1.53E-06,2.24E-07,2.65E-06,3.28E-05
NETRIN_clean_no_solvent.cif,0.075,69.1435,170.3856,180.8064,1507.75,2838,2880,24,80,80,48,13.6218,22.2912,14.1912,66.8736,351.75,552,1035,1656,12,16,32,64,96,3.7157,5.3954,11.1471,-7.28,-2.28,-21.84,37,9,111,8,0,24,2.17,0.85,6.51,52.1305,60.2688,142.0032,0,481,960,0,5,0,20,12,0,3.2552,6.1904,6.3948,0,64,0,1,4,0.5329,132.5,84.27,0,0,0,-3,0,0,0,0,625,0,0,12,0,0,0,0,0,0,0,0,0,0,0,0,0,0,0,0,0,0,0,0,0,0,0,0,0,0,0,0,0,0,0,0,0,0,0,0,0,0,0,0,0,0
NETYIV_clean_no_solvent.cif,0.00894,66.2628,142.296,166.192,1260,2435.333333,1056,21.33333333,82,83.33333333,58.66666667,12.5908,17.404,25.84,48.13333333,841,705.6666667,928,1082.666667,10.66666667,9,25,48,60,3.2154,5.6672,8.3904,-3.46,-3.466666667,-5.066666667,62.66666667,122.6666667,272,0.666666667,0,12,1.81,3.253333333,8.64,117.3882,257.601,383.78,413.316,465,1068,1248,19,68,100,323,324,8.0123,19.2808,26.7676,17.784,49,52.5,4,12,0.5625,167.24,233.945228,133.648921,14,10,-2,0.72,0.55,-2.01422,0.439335,0,0,0,0,0,0.012398214,-0.002155815,0.00514841,0.004837202,-0.000841098,0.008012873,0.004544805,-0.000790256,-0.000380608,0.003625929,-0.001309066,2.70E-06,1.40E-06,9.25E-06,-1.33E-05,-2.34E-05,1.11E-05,3.26E-05,4.61E-05,-2.29E-06,-1.25E-05,-0.000142226,-6.53E-05,0.000244382,8.46E-05,0.00021262,-3.64E-08,-1.56E-05,2.84E-05,-2.25E-05,0.00010475,0.000116501,-0.000108402,8.26E-05,-9.69E-05,-1.43E-05,-0.000146284,1.81E-05,0.000168162,2.67E-06,0.000182361
NEXXIZ_clean_no_solvent.cif,0.00905,249.0408,1149.3328,1376.2752,1384,6528,8064,216,768,1300,1632,72.3576,11.7992,10.6673,28.9737,9,84,81,207,9.5,13,37,67,99,3.39815,7.12215,9.40975,-8.61,-5.495,-20.255,-17.5,-10.5,-40.5,3,2.5,8,2.1,1.96,5.56,200.0935,405.348,640.7254,786.742,854.5,1758,2740,29.5,122,157,544,602,12.88815,29.9761,44.1386,17.544,64,96,1,3,0.5329,59.89,87.98,119.78,2,4,-2,-0.04,-0.08,-6,-12,54.76,384.508921,5.32,0.5,-4.02844,0.009635502,-0.000537974,0.00342835,0.00354369,-0.000197853,0.006852517,0.003662911,-0.000204509,-4.83E-05,0.001673969,-0.000395465,7.27E-06,-3.41E-06,-8.47E-06,3.05E-05,-3.90E-05,2.07E-05,-5.16E-05,6.61E-05,4.70E-06,1.07E-05,-3.34E-05,3.96E-05,0.000139785,-0.00018624,0.000262261,6.74E-07,3.60E-06,-1.01E-05,-1.14E-05,6.48E-06,-1.38E-05,1.53E-05,1.77E-05,-2.28E-05,-5.75E-06,-5.73E-05,-4.74E-05,7.18E-05,5.28E-05,0.000134096
NEYJIM_clean_no_solvent.cif,0.00181,1053.1153,7000.7712,6696.6352,35461,166580,195008,936,4336,8056,10908,315.4792,33.52589091,26.04589091,100.1089455,1344.454545,1507.181818,5252.181818,4006,15.54545455,25.72727273,69.45454545,142.5454545,204.4545455,4.9818,8.656363636,14.76474545,-6.032727273,-1.434545455,-16.32363636,143.5454545,64.90909091,468.2727273,12.54545455,-0.272727273,39.27272727,3.039090909,1.505454545,10.75363636,63.8532,132.906,186.41,162.2372,246,528,350,10,26,48,124,88,4.0442,9.2708,11.4908,20.87778462,50.15384615,58.15384615,3.769230769,11.69230769,0.560223077,164.5676923,231.0748258,112.1217489,12.92307692,11.07692308,-2.384615385,0.664615385,0.701538462,-1.85928,5.34072,48.07692308,0,0,4.307692308,0,0.006883135,-0.001458997,0.003023919,0.002664697,-0.000564828,0.004101856,0.002348149,-0.00049773,-0.000296651,0.002154318,-0.000766172,2.13E-05,-4.35E-05,-4.60E-05,-2.25E-06,-3.63E-05,6.26E-05,6.34E-06,6.25E-05,9.04E-05,7.54E-05,-4.09E-05,7.26E-05,7.01E-05,9.57E-06,6.81E-05,-2.10E-35,-1.20E-06,-1.22E-06,-1.02E-05,2.50E-05,1.68E-05,-4.74E-06,1.56E-05,-2.31E-05,-1.99E-05,-2.17E-05,-3.09E-06,4.50E-05,3.37E-05,7.82E-05
NEYVEU_clean_no_solvent.cif,0.021,196.627,784.6768,1197.312,2842,9280,9888,144,516,672,768,42.2076,27.72,33.66,70.884,900,1170,1440,2520,16,25,65,140,200,4.8077,8.0696,13.8336,-8.55,-7.2,-16.56,111,192,396,12,12,40,2.88,4.32,10.4,321.9342,755.1072857,1273.678629,1764.414171,1281.428571,3150.857143,6147.428571,49.71428571,276,336.8571429,1683.428571,2036.571429,20.54074286,55.45071429,90.73268571,26.60213333,59,143.3333333,6,23.33333333,0.542766667,151.42,214.6168187,180.74,10.66666667,3,-1.333333333,0.453333333,-0.06,-5.342813333,-9.3,18.25333333,83.62,0.933333333,1,-4.235703333,0.014327474,0.001326188,0.006181138,0.005798352,0.00053671,0.010371759,0.005439271,0.000503473,0.000137022,0.002647906,0.000900584,8.40E-11,2.13E-10,1.64E-10,-2.74E-10,-4.57E-10,2.97E-10,5.15E-10,8.60E-10,4.15E-10,-1.16E-09,-5.33E-10,-8.90E-10,8.92E-10,1.49E-09,2.49E-09,2.03E-08,-3.58E-07,1.45E-06,3.04E-07,2.88E-08,-6.27E-08,-1.35E-06,-1.04E-06,-1.78E-05,-3.74E-06,3.97E-06,8.26E-07,7.08E-05,1.49E-05,3.13E-06
NEYYIZ_clean_no_solvent.cif,0.000711,96.1786,278.9859,465.12,1482.5,3615,2520,60,168,192,120,22.2474,20.1774,21.4122,1.3612,972.5,1209,1170,888,1,36,72,72,36,7.6587,7.7085,2.667,-9.33,-9.33,0,144,144,0,24,24,0,5.55,5.55,0,15.7441,15.504,0,0,85,84,0,2,0,2,0,0,1.1554,1.155,0,0,42.5,0,1,1,0.5777,83.62,0,0,0,0,0,0,0,0,0,0,0,0,0,0,0,0,0,0,0,0,0,0,0,0,0,0,0,0,0,0,0,0,0,0,0,0,0,0,0,0,0,0,0,0,0,0,0,0,0,0,0,0,0,0,0
NEYYUN_clean_no_solvent.cif,0.00875,76.9925,180.9672,210.528,1184,2112,1152,24,80,80,48,11.5632,26.2816,19.482,42.7076,784,896,672,1456,8,16,32,48,96,3.5332,3.7268,7.3568,-6.12,-2.56,-7.08,80,88,172,8,4,8,1.92,1.76,3.6,89.3368,174.244,264.1174,299.697,629,904,1216,12,42,60,180,138,6.0135,12.4906,17.9096,32.68,64,112,1,3,0.5329,59.89,99.11,167.555366,3,18,-2,-0.06,0.64,-8.1,-10.41422,161.96,309.8133333,1.72,0.666666667,16.58578,0.006279855,0.001005296,0.00274632,0.00265507,0.000425031,0.003912502,0.002566852,0.000410909,0.000115926,0.001067121,0.000605514,2.99E-05,-3.31E-05,-2.93E-05,-2.16E-06,-0.000179983,0.000148209,4.82E-06,0.000400891,3.25E-05,0.00019973,2.02E-06,0.00017668,8.55E-07,1.21E-05,0.001085617,2.38E-05,7.33E-06,-3.01E-05,-7.94E-06,3.43E-05,5.38E-06,5.12E-05,-1.68E-05,-2.44E-05,1.95E-05,3.37E-05,-5.37E-06,0.00012382,4.05E-05,6.17E-05
NEYZAU_clean_no_solvent.cif,0.0093,75.0605,168.7272,210.528,544,1344,1152,24,80,80,48,12.6144,18.0256,13.362,29.2916,144,384,288,624,8,16,32,48,96,4.0588,4.2812,8.4512,-8.52,-4.96,-11.88,16,24,44,8,4,8,2.64,2.48,5.04,89.3368,174.244,264.1174,299.697,629,904,1216,12,42,60,180,138,6.0135,12.4906,17.9096,32.68,64,112,1,3,0.5329,59.89,99.11,167.555366,3,18,-2,-0.06,0.64,-8.1,-10.41422,161.96,309.8133333,1.72,0.666666667,16.58578,0.006277825,0.000927614,0.002764014,0.002664228,0.000393667,0.003891946,0.002568045,0.000379455,0.000112129,0.001108551,0.000554314,3.28E-05,-3.69E-05,-3.35E-05,-1.98E-06,-0.000188233,0.000165952,4.46E-06,0.000423185,3.77E-05,0.000211658,1.90E-06,0.000192317,8.36E-07,1.04E-05,0.001080315,2.01E-05,5.23E-06,-3.12E-05,-9.00E-06,4.95E-05,7.97E-06,6.32E-05,-1.24E-05,-1.54E-05,2.56E-05,3.17E-05,-2.48E-06,0.000126956,4.50E-05,7.02E-05
NEZBOK_clean_no_solvent.cif,0.000898,155.3304,881.0182,711.2544,2862,11302,10720,94,454,718,536,39.321,31.992,20.491,52.886,625,1200,2050,1675,11,36,84,144,114,6.0882,8.4929,9.6605,-11.34,-3.92,-17.07,102,68,208,22,12,47,3.96,2.23,8.34,50.2044,64.2854,116.7765333,31.55626667,388,652,170.6666667,5.333333333,2.666666667,20.66666667,17.33333333,2.666666667,3.011933333,5.512333333,5.421466667,4.73344,64,25.6,1,3.8,0.5329,117.978,81.6501464,11.236,6,0,-2.8,0.28,0,-0.565688,0,500,0,0,9.6,0,0.001352977,0.000165968,0.000404594,0.000459351,5.63E-05,0.000391976,0.000521518,6.40E-05,3.93E-05,0.000273158,5.46E-05,7.11E-06,-2.56E-05,-9.78E-06,-1.45E-05,-1.65E-06,1.08E-05,1.86E-05,5.76E-06,4.58E-05,-3.43E-05,9.79E-06,-4.77E-06,5.03E-05,1.32E-06,4.04E-05,-3.44E-35,-9.95E-06,1.67E-06,-2.13E-07,2.00E-05,1.23E-05,5.40E-07,1.76E-05,3.59E-06,-3.86E-06,-4.70E-05,5.01E-06,0.00010444,-1.27E-05,7.75E-06
OMUMEQ_clean_no_solvent.cif,0.061,215.1497667,1654.673867,1580.903733,7773.666667,22530.66667,18597.33333,192,1340,1802,1778.666667,62.1368,37.92,22.2024,53.1624,3969,4636.8,5770.8,6526.8,15,96,278.4,331.2,465.6,11.88096,10.74192,18.94704,-20.08,-9.622,-26.302,531.2,374.6,841.4,68.4,40.2,100.6,9.056,6.038,13.922,307.9247714,694.9078,1110.725371,1425.115771,1312,3091.428571,4912,46,225.7142857,300.8571429,1203.428571,1316,20.1214,52.11945714,79.00742857,24.57991015,59.10526316,113.2105263,4.406015038,13.08270677,0.543388722,109.2985338,134.759812,197.0748327,1.808270677,8.041353383,-0.984962406,-0.036165414,0.216992481,-5.42481203,-7.656500414,26.61157895,83.34947368,1.686315789,-1.894736842,-11.36842105,0.009785156,-0.003846333,0.004457156,0.003976573,-0.001563105,0.009108743,0.003547808,-0.001394566,-0.000713592,0.004158341,-0.003194395,2.17E-06,-5.78E-06,-1.19E-05,4.23E-06,-2.77E-06,9.38E-06,-8.11E-06,5.69E-06,1.21E-05,4.37E-06,-8.56E-05,2.12E-05,9.32E-05,-1.37E-05,4.72E-06,-2.27E-09,5.23E-07,8.36E-07,-2.64E-06,7.08E-06,9.87E-06,-9.17E-06,1.30E-05,-1.24E-05,-1.04E-06,-1.58E-05,1.91E-06,1.56E-05,-3.52E-06,1.05E-05
OMUMIU_clean_no_solvent.cif,0.065,187.2282333,1227.014533,1009.4928,8266.666667,18776,14624,130.6666667,746.6666667,883.3333333,718.6666667,49.64466667,33.51584,16.74572,48.2022,4356,4224,5464.8,6098.4,13.4,72.8,180.8,176.4,299.6,10.34732,8.66062,16.83026,-17.224,-6.65,-23.162,490.4,300,792,52,27.8,72.6,7.832,4.5,12.3,282.9609714,585.3852857,946.5326857,1185.985714,1204.571429,2547.428571,4110.857143,42.57142857,188.5714286,235.7142857,852,970.2857143,18.66117143,44.5786,67.4116,20.06542105,59.57894737,91.57894737,2.263157895,4.894736842,0.542373684,89.50789474,114.4115789,158.5130608,1.684210526,6.947368421,-1.052631579,-0.033684211,0.176842105,-5.052631579,-7.078174737,8.870526316,27.78315789,0.562105263,-0.631578947,-3.789473684,0.010072648,-0.003295512,0.004142135,0.003990803,-0.001305688,0.008040906,0.003845,-0.001257985,-0.000654677,0.004031738,-0.002534663,4.51E-06,-9.54E-06,-1.17E-05,-1.62E-06,-1.12E-05,1.44E-05,7.60E-06,1.91E-05,3.16E-07,1.75E-05,-9.34E-05,4.62E-05,0.0001484,-2.20E-05,3.28E-05,-6.56E-36,-9.14E-07,4.57E-07,-1.41E-06,7.94E-06,1.06E-05,-2.16E-06,7.29E-06,-2.16E-06,2.06E-06,-3.72E-06,4.72E-06,3.63E-06,-1.42E-06,4.57E-06
OMUSAS_clean_no_solvent.cif,0.018,113.2327,367.1664,362.232,4156,14496,9504,54,200,288,264,25.8712,14.19,14.47875,31.85325,900,600,2970,1350,6,7,19,31.5,34.5,2.39075,6.66135,5.8164,-4.475,-1.35,-9.405,55,36,135,0,0,1.5,1.45,0.81,3.42,461.1516,1002.609,1580.8056,1966.203,2544,5544,10872,66,294,384,1512,1740,38.7714,88.5654,138.009,17.544,64,96,1,3,0.5329,59.89,87.98,119.78,2,4,-2,-0.04,-0.08,-6,-12,0,0,0,0,0,0,0,0,0,0,0,0,0,0,0,0,0,0,0,0,0,0,0,0,0,0,0,0,0,0,0,0,0,0,0,0,0,0,0,0,0,0,0,0,0,0
ONALEV_clean_no_solvent.cif,0.00151,79.7981,235.2697,187.7552,2251.25,5563,3520,26,148,161,104,19.564,22.016,12.22033333,47.70133333,762.5,880,1745.833333,1906.666667,8.666666667,16,37.33333333,58.66666667,69.33333333,3.942,5.509066667,8.541,-7.36,-1.77,-15.94666667,78,37.5,169,6.666666667,0,17.33333333,2.48,0.87,5.373333333,53.74383333,65.31413333,145.2152,15.136,481.3333333,965.3333333,16,5.333333333,2,21.33333333,16.66666667,2,3.300833333,6.370466667,6.656266667,2.162285714,64,2.285714286,1,4,0.5329,132.5,84.27,6.825052286,0,2,-3,0,0.102857143,0,0.22654,454.4542857,40.17396429,0,7.857142857,0,0.000292975,0.000134229,8.51E-05,9.63E-05,4.41E-05,0.000109059,0.000108977,4.99E-05,2.59E-05,6.41E-05,5.66E-05,2.23E-06,-5.18E-06,-7.13E-06,-3.29E-06,-1.05E-05,4.48E-06,4.77E-06,1.53E-05,1.59E-05,2.52E-05,8.41E-06,2.40E-05,6.51E-06,1.51E-05,6.38E-05,3.41E-36,2.18E-07,-1.17E-06,-1.60E-07,4.79E-06,5.79E-06,2.46E-06,1.22E-05,-8.51E-07,3.25E-06,-2.00E-08,2.09E-06,6.36E-06,-4.86E-06,1.71E-05
ONAWAC_clean_no_solvent.cif,0.017,92.5964,240.4392,372.096,1325,3660,2016,48,144,180,144,17.52,23.104,38.76,79.648,841,812,1392,1856,16,16,48,96,112,4.14,8.5008,12.3648,-4.56,-5.2,-11.52,88,184,400,4,8,36,2.52,4.88,13.12,197.9146,591.3364,1110.4048,1070.195,670,2044,1952,32,182,416,1852,1278,11.4944,39.3332,58.7328,7.752,49,42,4,12,0.5625,167.24,176.225228,83.62,12,1,-2,0.76,-0.02,5.78578,-3.9,54.76,330.515228,5.18,-1.5,6.66445,0.021176647,-0.002822526,0.009091812,0.007896712,-0.001052512,0.022561391,0.006858705,-0.000914162,-0.000914914,0.019611875,-0.002611816,1.62E-05,-5.39E-05,-1.76E-05,-2.39E-05,-5.49E-06,8.02E-05,-0.000101545,9.55E-05,1.57E-05,0.000104601,9.41E-05,-5.39E-05,0.000246025,-0.000138824,0.000135615,-2.36E-34,-6.24E-06,-1.17E-05,-6.16E-05,0.000189274,0.000122638,0.000110646,-3.33E-05,0.000299746,-1.52E-05,-3.79E-05,0.000186752,0.000280465,-5.97E-06,0.000348565
ONAWEG_clean_no_solvent.cif,0.011,92.5964,240.4392,372.096,1325,3660,2016,48,144,180,144,17.52,23.104,38.76,79.648,841,812,1392,1856,16,16,48,96,112,4.14,8.5008,12.3648,-4.56,-5.2,-11.52,88,184,400,4,8,36,2.52,4.88,13.12,197.9146,568.8964,1071.6848,1065.883,670,2020,1948,32,182,380,1632,1200,11.4944,38.1936,57.6376,7.752,49,42,4,12,0.5625,167.24,176.225228,83.62,12,1,-2,0.76,-0.02,5.78578,-3.9,54.76,330.515228,4.76,-1.5,5.218005,0.021408355,-0.004350521,0.009914285,0.008378294,-0.001702603,0.024264615,0.007080269,-0.001438824,-0.001403259,0.019998509,-0.004167019,1.10E-05,-3.41E-05,-9.84E-06,-3.24E-05,3.87E-06,5.22E-05,-5.44E-05,4.77E-05,1.17E-06,4.31E-05,5.94E-05,-3.36E-05,0.000218447,-8.11E-05,7.19E-05,-1.17E-34,1.09E-05,1.27E-06,-4.34E-05,0.000232689,0.000115599,0.000146959,-2.69E-05,0.000401043,-2.45E-05,-5.13E-05,0.000170509,0.000410728,-3.99E-05,0.00039468
ONAWEG01_clean_no_solvent.cif,0.00439,92.5964,240.4392,372.096,1325,3660,2016,48,144,180,144,17.52,23.104,38.76,79.648,841,812,1392,1856,16,16,48,96,112,4.14,8.5008,12.3648,-4.56,-5.2,-11.52,88,184,400,4,8,36,2.52,4.88,13.12,165.5496,365.6614,609.8668,636.681,594,1396,1272,26,106,146,492,452,9.761,24.195,35.4476,7.752,49,42,4,12,0.5625,167.24,176.225228,83.62,12,1,-2,0.76,-0.02,5.78578,-3.9,54.76,288.705228,3.01,-1,4.77867,0.018268837,-0.00732044,0.007195395,0.006397538,-0.002563535,0.014407024,0.005688152,-0.002279279,-0.001722244,0.009678983,-0.005132853,1.30E-05,-3.20E-05,1.16E-05,-4.01E-05,-7.34E-06,3.69E-05,7.09E-05,1.48E-05,-2.30E-05,1.05E-05,-6.10E-05,-2.36E-05,0.000166096,5.40E-05,2.94E-05,-9.36E-35,-3.25E-05,-5.08E-05,-4.45E-06,9.92E-05,-2.99E-05,0.000173154,-8.25E-05,0.000301378,0.000102273,-2.92E-05,7.62E-05,0.000411927,0.000182945,0.000193416
ONAWEG02_clean_no_solvent.cif,0.00648,92.5964,240.4392,372.096,1325,3660,2016,48,144,180,144,17.52,23.104,38.76,79.648,841,812,1392,1856,16,16,48,96,112,4.14,8.5008,12.3648,-4.56,-5.2,-11.52,88,184,400,4,8,36,2.52,4.88,13.12,165.5496,365.6614,609.8668,636.681,594,1396,1272,26,106,146,492,452,9.761,24.195,35.4476,7.752,49,42,4,12,0.5625,167.24,176.225228,83.62,12,1,-2,0.76,-0.02,5.78578,-3.9,54.76,288.705228,3.01,-1,4.77867,0.018599197,-0.007156212,0.007457133,0.006663931,-0.002564009,0.014743476,0.0059551,-0.002291279,-0.001709484,0.009829817,-0.005069294,1.45E-05,-3.16E-05,1.11E-05,-4.25E-05,-4.46E-06,4.99E-05,8.21E-05,1.05E-05,-1.87E-05,2.59E-06,-5.63E-05,-1.90E-05,0.000167953,4.41E-05,2.57E-05,-4.55E-35,-2.70E-05,-4.78E-05,-1.97E-06,0.000124451,-4.32E-05,0.000199489,-8.23E-05,0.000310228,0.000118168,-4.35E-05,8.02E-05,0.000436892,0.000200459,0.000214442
PAQPIG_clean_no_solvent.cif,0.000446,96.5694,325.93,302.9264,2190,5860,5488,42,144,182,156,20.0896,24.29786667,14.86016667,67.2864,529,797.3333333,1617.666667,2208,12,19,38,77.33333333,100.3333333,3.859266667,5.734,10.6872,-7.843333333,-2.053333333,-21.72,65,29.33333333,180,10.33333333,1.333333333,29.33333333,2.123333333,0.586666667,5.88,52.1305,60.2688,142.0032,0,481,960,0,5,0,20,12,0,3.2552,6.1904,6.3948,0,64,0,1,4,0.5329,132.5,84.27,0,0,0,-3,0,0,0,0,525.515,14.045,0,9.5,0,0,0,0,0,0,0,0,0,0,0,0,0,0,0,0,0,0,0,0,0,0,0,0,0,0,0,0,0,0,0,0,0,0,0,0,0,0,0,0,0,0
PAQTIM_clean_no_solvent.cif,0.017,123.9582,558.76255,622.0422,5880,17870.5,6783,83,593,746,466,45.7735,25.6298,23.216,39.96945,1877.5,2075.5,4589.5,2778.5,11,45,147,198,201,8.63305,14.6695,14.07695,-13.525,-8.16,-15.765,239.5,235.5,384.5,24,23.5,39.5,7.78,6.785,11.565,312.44905,676.1341,1058.7822,1276.8727,1432,3172,5086,45.5,195,257,949,1062,21.56975,51.9304,78.5869,26.82642963,60.11111111,130.7407407,2.444444444,6.444444444,0.540574074,93.9637037,154.3607407,201.4524665,2.740740741,7.333333333,-1.555555556,-0.054814815,0.112592593,-8.955555556,-11.89998296,12.16888889,39.46666667,0.02,0.666666667,-0.4,0.006675666,-0.002174805,0.002503178,0.002567781,-0.000836534,0.004363588,0.002634051,-0.000858124,-0.000343379,0.001791158,-0.001458263,8.11E-06,-1.33E-05,-1.11E-05,-1.51E-05,-3.62E-06,2.50E-05,2.66E-05,6.37E-06,1.98E-05,4.48E-06,1.82E-05,2.66E-06,3.60E-05,3.85E-07,1.69E-05,-9.59E-09,-7.81E-07,-1.66E-06,-1.39E-06,9.87E-06,-4.63E-06,1.62E-05,-1.07E-05,2.10E-05,5.16E-06,-8.36E-05,-3.17E-05,0.000147656,5.79E-05,2.77E-05
PAQTOS_clean_no_solvent.cif,0.018,111.8569,452.3462,497.912,3341.5,11736.5,4536,62,592,666,342,41.4061,25.122,22.5173,36.4792,1049.5,1544,2804.5,2015,9.5,37.5,133.5,171.5,165.5,7.64175,12.5069,11.7786,-12.715,-7.19,-13.86,149.5,157,239.5,16.5,17,27,6.035,5.35,8.385,320.5403,711.4006,1097.3583,1363.1346,1451,3316,5361,47,209,275,1017,1155,22.0031,54.2173,80.8827,28.40118519,60.11111111,139.6296296,3.555555556,10.66666667,0.540574074,107.2725926,149.7674074,219.3546887,2.518518519,8,-1.555555556,-0.05037037,0.099259259,-8.088888889,-14.09998296,12.16888889,54.59555556,0.108888889,0.444444444,-0.866666667,0.006505481,-0.001933462,0.002475231,0.002515377,-0.000747583,0.004349894,0.002556173,-0.000759708,-0.000282615,0.001644424,-0.001313779,8.33E-06,-1.53E-05,-1.24E-05,-1.18E-05,-6.25E-06,2.53E-05,2.07E-05,1.09E-05,2.42E-05,9.85E-06,1.67E-05,7.12E-06,2.12E-05,6.44E-06,1.23E-05,-4.23E-09,-1.40E-06,2.72E-06,5.51E-07,1.17E-05,-3.66E-06,1.32E-05,-2.16E-05,3.96E-05,1.84E-05,-0.000107721,-5.02E-05,0.00016423,7.68E-05,4.39E-05
PAQVEK_clean_no_solvent.cif,0.023,108.6673,356.2764,379.72,1480.5,3786,2688,48,184,218,184,21.0834,22.2128,20.604,33.17533333,607,778.6666667,732,1196,7.333333333,18.66666667,42.66666667,60,86.66666667,3.988866667,4.774,7.578466667,-6.473333333,-3.82,-7.493333333,71.33333333,94,142.6666667,9.333333333,6,10,2.473333333,2.606666667,4.36,559.9152,1209.924,1958.0048,2458.396,2460,5472,9256,84,384,480,1832,2096,38.258,93.5704,144.4648,26.49066667,59,124.6666667,2,6,0.542766667,95.67333333,170.1466667,213.5817427,2.666666667,8,-2,-0.053333333,0.173333333,-9.2,-11.27140667,0,0,0,0,0,0.008392772,-0.000988204,0.003101628,0.003222854,-0.000379474,0.004940229,0.003348818,-0.000394306,-0.000124479,0.001620541,-0.000604421,1.08E-05,-1.94E-05,-1.94E-05,-7.60E-06,-1.23E-05,3.22E-05,1.40E-05,2.12E-05,2.80E-05,1.73E-05,-5.29E-06,2.40E-05,3.33E-05,5.04E-06,1.72E-05,-1.52E-08,-1.33E-06,9.42E-07,-1.08E-06,1.34E-05,-6.95E-06,1.76E-05,-2.55E-05,4.08E-05,3.12E-05,-9.81E-05,-6.85E-05,0.00014293,0.000101684,9.02E-05
PAXWOB_clean_no_solvent.cif,0.00647,69.2413,170.9112,180.8064,2056,4368,2880,24,80,80,48,13.8408,22.704,14.454,59.928,900,960,1800,2040,12,16,32,64,80,3.8252,5.5544,9.5892,-7.16,-2.16,-16.52,88,60,292,8,0,28,2.32,1,8.4,45.1369,54.8376,116.4096,0,418,750,0,5,0,20,12,0,2.8592,5.4272,4.818,0,64,0,1,4,0.5329,132.5,80.067683,0,7,0,-3,0.36,0,0.79289,0,625,0,0,12,0,0.002253257,-0.000217832,0.000940872,0.000706904,-6.83E-05,0.001322835,0.000531117,-5.13E-05,-3.00E-05,0.000581552,-9.61E-05,9.20E-07,3.19E-06,8.96E-07,5.99E-06,-7.24E-07,6.79E-06,-1.46E-05,-7.81E-07,3.55E-06,-1.64E-06,-2.42E-06,1.53E-05,4.75E-05,-2.10E-05,3.20E-05,-1.24E-06,2.18E-06,1.13E-06,-2.65E-06,3.66E-06,-1.18E-05,-1.66E-06,2.20E-05,3.29E-06,-1.55E-05,-5.87E-06,-2.67E-05,1.15E-05,-6.10E-06,2.41E-05
PEBCAA_clean_no_solvent.cif,0.00281,65.91536,155.26548,162.72576,1998.2,4111.2,2592,21.6,73.6,72.4,43.2,13.14876,21.5688,13.7313,64.7064,900,912,1710,2736,11.4,14.6,29.2,58.4,85.2,3.63394,5.27668,10.90182,-6.802,-2.052,-20.406,83.6,57,250.8,7,-0.6,21.6,2.204,0.95,6.612,55.35716667,70.35946667,148.4272,30.272,481.6666667,970.6666667,32,5.666666667,4,22.66666667,21.33333333,4,3.346466667,6.550533333,6.917733333,4.779789474,64,5.052631579,1,4,0.5329,132.5,84.27,15.08695768,0,4.421052632,-3,0,0.227368421,0,0.500772632,389.3776316,68.84692105,0,6.394736842,0,0.001221786,-2.93E-06,0.000278663,0.000367558,-8.82E-07,0.000582492,0.000484812,-1.16E-06,-3.58E-07,0.000236391,-1.84E-06,2.91E-06,-6.86E-06,-7.15E-06,-4.73E-06,-1.30E-05,3.62E-06,5.98E-06,1.06E-05,1.69E-05,5.78E-05,7.96E-06,2.74E-05,1.42E-05,9.65E-06,0.000139444,-2.18E-35,2.14E-06,-1.26E-06,4.22E-06,7.74E-06,1.40E-05,6.10E-06,3.45E-06,1.62E-05,1.54E-05,1.69E-06,-1.03E-05,2.52E-05,2.43E-06,2.73E-05
PEBNEP_clean_no_solvent.cif,0.00511,110.2911,354.9652,419.704,2474.5,7088,5880,50,178,199,154,23.562,27.48,23.57413333,49.00266667,803.6666667,1688.666667,1297.333333,1676,10,22,47.33333333,72.66666667,122.6666667,5.574,5.3432,9.4732,-5.666666667,-3.606666667,-6.913333333,73.33333333,87.33333333,226,12,6.666666667,21.33333333,2.14,2.32,6.46,249.9346,569.5806,927.114,1019.062,958,2322,2704,40,164,228,810,808,16.2376,40.6738,61.0118,32.27466667,49,67.66666667,4,12,0.5625,138.38,284.212614,205.912918,9,23,-2,0.32,1.373333333,-8.80711,6.707263333,54.76,350.917842,2.38,0,-2.978516667,0.013644827,-0.005054114,0.004107499,0.004526512,-0.001676643,0.008465985,0.004988268,-0.00184768,-0.000943707,0.004765123,-0.003455736,1.88E-06,-2.79E-06,-1.69E-06,-5.53E-06,-1.07E-05,4.58E-06,-8.45E-06,1.19E-05,-2.54E-05,7.47E-06,-3.74E-05,2.79E-05,0.000178404,1.36E-05,8.93E-05,-3.86E-35,-1.90E-05,-2.71E-08,-2.87E-05,6.26E-05,-1.77E-06,1.61E-05,3.77E-06,4.39E-05,2.92E-05,-4.96E-05,3.53E-05,9.25E-05,-5.38E-05,0.000263426
PEBYEA_clean_no_solvent.cif,0.00334,2144.7012,15928.9616,15998.752,43476,250328,422784,2736,7720,15448,27288,658.2848,22.8416,13.8719,73.96737143,481,792,2203.357143,2677.714286,15.28571429,21.42857143,50.64285714,105.1428571,159.3571429,4.329942857,9.201314286,15.89001429,-8.594285714,-1.573571429,-31.08071429,63.57142857,19.14285714,212.4285714,10.85714286,2.714285714,33.5,2.698571429,0.558571429,10.60857143,52.1305,60.2688,142.0032,0,481,960,0,5,0,20,12,0,3.2552,6.1904,6.3948,0,64,0,0.538461538,2.153846154,0.5329,71.34615385,45.37615385,0,0,0,-1.615384615,0,0,0,0,336.5384615,0,0,6.461538462,0,0,0,0,0,0,0,0,0,0,0,0,0,0,0,0,0,0,0,0,0,0,0,0,0,0,0,0,0,0,0,0,0,0,0,0,0,0,0,0,0,0
PECBOQ_clean_no_solvent.cif,0.00595,784.9232,4426.1592,4767.9632,29204,117240,114976,636,2320,3952,5012,214.1848,33.6064,25.49415,88.80525,1533.25,1444.25,4956,3511.5,14,22.75,55,110.75,159.5,4.80585,8.44905,13.2894,-6.105,-1.175,-13.98,146,74,428.25,11.25,3.5,34.75,3.0725,1.4675,9.69,259.25545,552.4986,928.1031,1055.7059,1210,2832,3236,40.5,169,235,786,845,16.97595,42.4498,60.1917,27.54115556,59,116.8888889,2.555555556,9.333333333,0.542766667,153.3711111,190.646768,187.7051267,7.666666667,9.888888889,-2.777777778,0.291111111,0.357777778,-5.328542222,-6.952344444,416.6666667,376.6666667,-0.48,6.666666667,18.26666667,0.009646989,-0.002360529,0.003856691,0.003517862,-0.000860788,0.007848733,0.003208802,-0.000785164,-0.000334904,0.003053681,-0.001751786,2.66E-05,-2.40E-05,-4.25E-05,-4.74E-05,-5.74E-05,6.35E-05,7.31E-05,8.91E-05,4.33E-05,4.97E-05,7.18E-05,8.53E-05,8.72E-05,0.000102017,0.000129208,-6.37E-35,-1.84E-05,1.48E-05,-3.04E-05,4.82E-05,3.07E-05,-4.04E-05,2.79E-05,-8.12E-05,0.000107122,6.51E-06,8.67E-05,0.000179014,-3.58E-05,0.000250752
PECLEP_clean_no_solvent.cif,0.011,121.9604,387.3316,679.744,1363,4422,3640,80,208,262,184,20.46,34.2912,42.0368,58.5808,729,1134,1404,1512,12,36,84,120,144,5.67,7.6608,9.5256,-6.96,-7.32,-8.6,120,164,268,22,28,48,3.06,4,7.56,85.7924,166.4946,233.9209333,309.1059333,364,688,1061.333333,12,44.66666667,56.66666667,196,227.3333333,5.129733333,11.1266,15.31106667,4.2256,49,11.2,1.6,4,0.5625,77.256,90.5970456,30.0650456,2.8,2.6,-1.2,0.144,0.148,-0.402844,0.377156,49.426,29.574,0.782,1.4,-3.441422,0.011466971,-0.003817466,0.004860701,0.004733366,-0.001575783,0.009380016,0.004609366,-0.001534503,-0.000538734,0.003206873,-0.003040893,2.11E-06,-7.49E-06,-2.31E-06,-1.52E-06,-9.98E-06,2.63E-05,3.27E-05,4.44E-05,-6.95E-05,6.87E-05,-0.000109291,-3.70E-05,9.01E-05,3.54E-05,8.76E-05,8.64E-10,-4.18E-06,7.53E-06,-1.46E-05,5.54E-05,5.81E-05,-3.60E-06,7.26E-05,-0.00011712,-8.15E-05,-0.000203401,-0.000100039,0.000368712,0.000270206,0.00032539
PECMOB_clean_no_solvent.cif,0.0017,331.138,2113.32,1312.378,10187,18810,9808,164,1416,1414,640,88.2308,32.871,17.544,34.03133333,2805.666667,3328.666667,1316,2322.666667,8.666666667,72,186.6666667,104,168,9.751466667,5.472133333,9.309866667,-15.16666667,-5.02,-9.84,390,191.3333333,349.3333333,51.33333333,20.66666667,40.66666667,7.213333333,3.513333333,6.98,207.4062,410.717,638.4066,776.194,930,1850,2812,29,116,152,516,554,13.1853,30.2,43.8684,19.42252857,56.12857143,90.22857143,3.157142857,6.557142857,0.549585714,113.113,139.0603734,179.6308257,2.371428571,6.1,-0.542857143,0.024,0.192285714,-4.258158571,-4.794469143,43.6475,201.1533713,3.5075,-0.333333333,-10.94459083,0.007097703,-0.002678959,0.003233209,0.002885561,-0.001089127,0.005389939,0.002575293,-0.000972019,-0.000641577,0.003175078,-0.001815635,1.52E-05,-3.96E-05,1.77E-05,-6.93E-05,-5.13E-05,6.28E-05,0.000145183,0.000105889,-8.06E-05,0.00014399,-0.000258357,-0.000137033,0.000544015,0.000318709,0.000237728,-1.49E-08,1.71E-06,2.24E-05,-0.000143515,0.000172574,0.000116939,-5.93E-05,7.34E-06,-1.17E-05,-2.35E-05,-4.69E-05,0.000222382,5.38E-05,-0.000135949,0.000873032
PEDGUA_clean_no_solvent.cif,0.00126,323.3722,1960.0683,1976.3416,8968,31440,30496,264,964,1674,1842,85.64,25.0776,17.628175,58.4877,1810,1872,4108,4368,14.25,40.5,94.5,173.25,197.25,7.2708,11.3528,17.4013,-13.35,-7,-30.8975,186,182,448,26.5,19.5,57.5,5.58,4.75,13.2875,60.3394,83.181,117.5104,94.6688,328,456,512,6,8,22,28,8,3.3174,5.6826,6.6284,23.6672,64,128,1,3,0.5329,59.89,87.98,56.18,2,0,-2,-0.04,0,-6,0,0,0,0,0,0,0,0,0,0,0,0,0,0,0,0,0,0,0,0,0,0,0,0,0,0,0,0,0,0,0,0,0,0,0,0,0,0,0,0,0,0,0,0,0,0,0
PEDMER_clean_no_solvent.cif,0.00172,263.4414,1174.9024,1268.2592,7548,26140,31456,180,524,828,1204,68.1528,21.78666667,16.27666667,64.08066667,841,773.3333333,2010.666667,2281.333333,10.66666667,11.33333333,24.66666667,51.33333333,85.33333333,3.358,6.1456,10.9296,-5.133333333,-0.966666667,-13.46,70,46.66666667,230.6666667,4,-2,10.66666667,2.166666667,1.066666667,6.8,174.4257,280.8018,583.2648,546.957,1470,3168,3276,21,78,114,360,390,12.135,27.6498,40.038,17.544,64,96,1,4,0.5329,132.5,116.07,119.78,2,4,-3,-0.04,-0.08,-6,-12,625,565,-0.74,10,68.38578,0.001864028,-0.000494807,0.000664773,0.000738357,-0.000195997,0.001078634,0.000820087,-0.000217692,-8.70E-05,0.000478877,-0.000318017,6.11E-06,-1.63E-05,5.00E-07,-1.75E-05,-1.95E-05,4.21E-05,3.62E-05,5.92E-05,-1.09E-05,5.03E-05,-6.67E-06,-9.77E-06,7.49E-05,3.50E-05,0.000108008,-2.18E-34,1.75E-06,1.87E-06,-1.38E-05,5.59E-05,4.39E-05,-6.22E-06,-1.41E-05,1.28E-05,-1.66E-06,-1.29E-05,3.15E-05,1.81E-05,-1.49E-05,0.000102979
PEDMOB_clean_no_solvent.cif,0.00436,250.539,920.836,1219.9648,5838,20524,21008,164,468,720,948,57.1736,25.384,25.783,84.113,841,899,2494,2755,15,16,40,88,136,4.0572,8.418,14.421,-5.76,-2.17,-15.77,85,88,340,6,2,26,2.58,2.18,10.25,172.6007,331.8949,578.4459,624.7015,1025,2272,2470,25,97,134,436,465,11.44215,27.2087,39.0887,20.7568,59,84.8,2,6.666666667,0.542766667,144.08,155.3617427,136.3317915,6,8.866666667,-2.666666667,0.213333333,0.289333333,-4.671406667,-7.159969333,189.272381,227.1081429,0.702857143,1.904761905,15.11839238,0.010720894,-0.001901239,0.004512465,0.004193144,-0.000743611,0.008475168,0.00389642,-0.00069099,-0.000248085,0.002827503,-0.001396626,2.30E-05,-5.46E-05,-6.13E-05,-1.31E-06,-3.10E-05,7.92E-05,4.29E-07,4.97E-05,7.92E-05,0.000164874,-6.45E-05,-0.000296272,5.05E-05,0.000106632,0.000535634,-1.61E-07,1.21E-05,1.01E-05,-8.61E-06,1.20E-05,-8.23E-06,-8.27E-07,-6.11E-05,4.94E-05,0.000115947,-3.77E-05,-6.02E-05,3.84E-05,2.49E-05,0.000265934
VOVLAV_clean_no_solvent.cif,0.00609,472.8172,1939.824,1781.6664,53296,36096,32480,224,1104,1120,1040,116.1888,24.4996,14.076,32.246,8464,3802.666667,2208,5029.333333,8,29.33333333,66.66666667,64,106.6666667,6.664,5.236,10.24533333,-10.39333333,-4.68,-12.32666667,449.3333333,344,681.3333333,17.33333333,9.333333333,22.66666667,5.146666667,3.72,7.573333333,169.3738,292.842,461.9708,539.529,874,1512,2568,20,74,100,332,378,10.466,21.9912,32.1372,18.4906875,60.5,98.25,2,4.5,0.5404,83.3375,108.905,159.0575429,1.75,4.125,-1.25,-0.035,-0.02,-5.25,-9.65088875,28.09,87.98,1.78,-2,-12,0.000955753,5.45E-05,0.000353078,0.000369129,2.11E-05,0.000558952,0.00038591,2.20E-05,6.03E-06,0.000160076,3.34E-05,6.84E-06,-9.17E-06,-7.38E-06,3.74E-06,-3.76E-05,2.09E-05,-6.54E-06,6.59E-05,9.84E-06,5.10E-05,-4.04E-06,3.98E-05,2.83E-06,-2.20E-05,0.000211588,-8.39E-35,-3.05E-06,2.85E-06,-1.07E-05,3.82E-05,2.37E-05,-4.04E-05,2.72E-05,-8.95E-05,2.81E-05,-2.44E-05,2.30E-05,7.53E-05,-2.27E-05,5.58E-05
VOVQEE_clean_no_solvent.cif,0.00312,64.09611429,143.8228,146.6381714,2495.571429,4483.714286,1745.142857,20,269.7142857,216.5714286,136,20.48805714,20.43342857,21.05308571,28.47828571,1231.857143,782.5714286,1701.714286,4640,6.285714286,16,58.85714286,62.28571429,88.57142857,3.831828571,5.383028571,9.186857143,-3.657142857,-2.848571429,-2.977142857,93.14285714,91.14285714,63.42857143,2.857142857,1.428571429,3.428571429,2.26,1.837142857,1.788571429,21.90516667,38.16213333,0,0,117.6666667,205.3333333,0,2.666666667,0,8.666666667,0,0,1.5304,2.675,0,0,43.94444444,0,3,5.666666667,0.574322222,126.54,0,0,0,0,0,0,0,0,0,0,0,0,0,0,0,0,0,0,0,0,0,0,0,0,0,0,0,0,0,0,0,0,0,0,0,0,0,0,0,0,0,0,0,0,0,0,0,0,0,0,0,0,0,0,0
VOXKIE_clean_no_solvent.cif,0.00747,392.8864,2142.6256,2013.392,19012,26608,27008,256,1184,1336,1408,100.94,25.509,14.025,31.966,4225,3510,1950,4420,10,49,112,105,182,8.652,6.468,12.6672,-15.49,-7.25,-18.06,401,295,582,33,20,44,6.61,4.55,9.26,118.7144,219.096,337.3204,385.387,548,1008,1420,16,58,80,256,250,7.4224,16.2624,23.0448,18.4348,60.26666667,94.4,2.066666667,4.6,0.5409,84.90066667,110.3,151.4414248,1.733333333,4.8,-1.2,-0.034666667,0.037333333,-5.2,-8.588562667,0,0,0,0,0,0.006159516,0.000864732,0.002393972,0.002402513,0.000337288,0.003424333,0.002411084,0.000338491,0.000106229,0.0010785,0.000482456,2.75E-05,-4.34E-05,-7.28E-05,5.46E-06,-1.82E-05,7.67E-05,-6.69E-06,3.32E-05,0.000114039,3.01E-05,-4.35E-05,1.52E-05,2.92E-05,2.52E-05,4.81E-05,-1.25E-07,-2.06E-05,1.56E-05,-5.43E-05,0.000106254,6.43E-05,-6.49E-05,5.19E-05,-7.56E-05,0.000131299,-9.39E-05,4.81E-05,0.000139586,-4.49E-05,0.000405067
VOXQOQ_clean_no_solvent.cif,0.00726,81.5751,173.3214667,253.216,1324,2954.666667,1360,29.33333333,98.66666667,110.6666667,82.66666667,13.34453333,17.16,27.401,44.561,900,720,1160,1880,9.333333333,11.33333333,32,52.66666667,92,3.257533333,5.982333333,9.239866667,-4.9,-6.706666667,-11.60666667,76,141.3333333,217.3333333,2,5.333333333,5.333333333,1.88,3.293333333,5.173333333,82.474,167.81028,241.38056,207.4496,355.6,734.4,634.4,11.6,31.2,58.8,168,136.8,5.09076,11.53036,15.38272,19.56,52,36,3.4,8.6,0.55658,122.682,172.108,104.0022736,1.2,15.2,-1.2,-0.024,0.896,-4.32,4.542936,49.426,128.3,0.748,-0.4,-5.52,0.00755138,-0.002208968,0.00288929,0.002576546,-0.000753704,0.005691064,0.002297653,-0.000672121,-0.000674616,0.005093889,-0.001484579,6.18E-06,-2.64E-06,-1.19E-05,3.40E-05,-2.84E-05,2.05E-05,-5.42E-05,5.35E-05,9.09E-06,9.85E-06,-0.000150949,1.10E-05,0.000227515,-0.000135804,0.000143007,-1.21E-08,-1.32E-06,4.94E-06,1.78E-05,2.70E-05,7.80E-06,-1.47E-05,2.73E-05,-9.92E-06,5.13E-05,5.87E-06,6.05E-05,3.09E-05,-5.18E-06,0.000318299
VOXTUZ_clean_no_solvent.cif,0.011,68.9837,169.5096,180.8064,1172,1248,2880,24,80,80,48,12.1472,21.6032,13.7532,59.4088,16,128,240,352,11,16,32,60,80,2.9784,4.3248,8.1906,-7.48,-2.48,-20.57,-16,-44,-44,8,1,24,1.16,-0.16,3.19,55.2221,75.422,136.2978,54.868,466.25,920,58,6,7.25,23,28.25,8.75,3.2931,6.47875,6.57595,9.46,64,10,1,3.75,0.5329,132.5,77.2475,29.85960375,0,8.75,-2.75,0,0.45,0,0.9911125,251.93125,98.45401562,0.465,2.4375,0.29733375,0.004603354,-0.000173255,0.001671824,0.001811775,-6.82E-05,0.002829462,0.001963441,-7.39E-05,-4.16E-05,0.001724937,-0.000115406,8.69E-06,-3.40E-06,-4.87E-06,3.50E-06,-2.62E-05,0.000136147,-4.02E-06,7.93E-05,-1.34E-05,-2.62E-05,-2.38E-05,4.94E-05,3.34E-05,-5.77E-05,0.000174757,-7.71E-35,1.82E-06,-7.14E-07,-4.62E-06,7.73E-05,-7.25E-06,-2.80E-05,-1.32E-06,3.88E-06,-3.13E-05,8.11E-06,8.33E-06,4.67E-05,5.21E-06,7.42E-05
VOXVAH_clean_no_solvent.cif,0.011,68.9837,169.5096,180.8064,1172,1248,2880,24,80,80,48,12.1472,21.6032,13.7532,78.3116,16,128,240,464,14.5,16,32,74,114,2.9784,4.3248,10.7967,-7.48,-2.48,-27.115,-16,-44,-58,8,-2.5,29.5,1.16,-0.16,4.205,63.1565,101.7466,193.6062,34.056,521.75,1234,36,6.375,4.5,36,40.5,5,3.6909375,8.495375,8.981475,5.676,64,6,1,4.625,0.5329,132.5,101.82625,17.91576225,0,5.25,-3.625,0,0.27,0,0.5946675,200.9451875,91.7230625,0.31,2.25,0.1982225,0.001334955,-0.000454287,0.000644668,0.000633584,-0.00021561,0.000872033,0.000622691,-0.000211903,-0.000100341,0.000405829,-0.000291652,3.52E-06,-9.36E-06,-6.32E-06,-1.59E-06,-4.19E-06,4.87E-05,1.27E-05,1.18E-05,1.38E-05,2.92E-06,-3.32E-05,1.52E-05,8.83E-05,-2.28E-05,2.44E-05,-1.47E-08,1.63E-05,1.13E-05,-7.38E-06,5.68E-05,-3.45E-06,1.55E-05,-3.31E-05,4.32E-05,-2.91E-05,-3.48E-05,2.10E-05,4.93E-05,-3.87E-05,4.78E-05
VOXVEL_clean_no_solvent.cif,0.008,68.9837,169.5096,180.8064,1172,1248,2880,24,80,80,48,12.1472,21.6032,13.7532,64.8096,16,128,240,384,12,16,32,64,94.4,2.9784,4.3248,8.9352,-7.48,-2.48,-22.44,-16,-44,-48,8,0,24.4,1.16,-0.16,3.48,56.9705,75.4048,151.6392,45.408,482,976,48,6,6,24,26,6,3.3921,6.7306,7.1792,7.568,64,8,1,4,0.5329,132.5,84.27,23.887683,0,7,-3,0,0.36,0,0.79289,316.5965,98.0004125,0.041333333,4.733333333,0.026429667,0.002346631,-0.000605937,0.001285516,0.001098156,-0.000283561,0.001867594,0.000938103,-0.000242233,-9.84E-05,0.000647791,-0.000411957,4.22E-07,1.11E-06,-1.87E-06,1.35E-06,-2.33E-06,1.79E-06,-2.35E-06,3.91E-06,-3.85E-06,-1.00E-05,-6.54E-06,-4.90E-06,1.88E-05,-2.76E-05,0.000110093,2.49E-07,5.91E-06,9.43E-07,2.93E-06,2.54E-05,-2.69E-06,8.83E-06,-8.03E-06,5.61E-06,1.54E-05,-1.34E-06,-2.38E-06,6.75E-06,1.41E-05,3.55E-05
VOXYUE_clean_no_solvent.cif,0.00115,226.5658,1425.2672,1242.0576,18656,74612,110832,208,752,1200,1808,102.1896,27.69346667,13.36226667,61.7188,2304,4000,6528,8736,12,28.66666667,57.33333333,93.33333333,129.3333333,7.6072,7.360533333,16.9608,-7.373333333,-1.146666667,-16.24,172.6666667,56,394,18,4,40.66666667,2.753333333,0.946666667,6.3,22.4005,28.662,15.6864,0,341,276,0,3,0,6,2,0,2.1958,2.7258,1.53,0,152.5,0,1,2,0.80145,151.42,143.56,0,0,0,-1,0,0,0,0,0,0,0,0,0,0,0,0,0,0,0,0,0,0,0,0,0,0,0,0,0,0,0,0,0,0,0,0,0,0,0,0,0,0,0,0,0,0,0,0,0,0,0,0,0,0
VOYGOH_clean_no_solvent.cif,0.013,811.7838,5017.1652,5643.3888,53208,283248,239040,804,2696,5244,7948,261.3692,27.9672,22.86950625,85.09685625,1548,1248,8097.75,3786.75,12.375,16,41.75,90.25,125.5,3.9785,10.34938125,12.284775,-5.63,-0.16875,-17.585625,124,4.5,376.125,5.5625,0.1875,18.125,2.53,0.10125,7.77375,177.0894,355.011,557.1304,682.442,768,1560,2360,26,108,138,484,524,11.5274,26.8422,39.4612,17.544,64,96,1,3,0.5329,59.89,87.98,119.78,2,4,-2,-0.04,-0.08,-6,-12,28.09,87.98,1.78,-2,-12,0.00240406,0.000872178,0.000992902,0.000953813,0.000346037,0.001356216,0.000916262,0.000332414,5.71E-05,0.000223936,0.000472656,1.24E-05,-1.49E-05,-2.28E-05,4.25E-06,-3.95E-05,3.66E-05,-6.97E-06,6.92E-05,2.92E-05,4.40E-05,-1.54E-05,4.29E-05,5.76E-06,-1.55E-06,0.000182929,-1.87E-35,2.67E-07,-2.58E-06,-1.54E-05,1.42E-05,3.53E-06,-7.56E-07,1.04E-05,-1.92E-05,-1.21E-05,-1.73E-05,-1.56E-05,3.12E-05,4.01E-05,0.000141966
VOYLUS_clean_no_solvent.cif,0.016,92.7113,241.6632,372.096,2693,5388,2016,48,144,180,144,16.92,23.4688,39.372,73.34,2209,1316,2256,2632,16,16,48,96,128,3.84,7.8848,11.6736,-4.44,-4.96,-7.12,160,328,696,4,8,32,2.12,4.08,11.36,490.9614,1120.317,1769.71,2263.276,1884,4584,7240,82,376,462,1724,2016,33.9042,85.5778,128.5948,22.192,49,91,4,12,0.5625,167.24,233.945228,200.592614,14,8,-2,0.72,0.34,-2.01422,-4.90711,0,0,0,0,0,0.014331688,-0.007770074,0.006034836,0.005441498,-0.002950165,0.010819195,0.004906495,-0.002660108,-0.001565192,0.005740057,-0.005289026,2.75E-06,-4.97E-06,-9.37E-06,6.84E-06,-6.61E-06,5.99E-06,-6.17E-06,1.04E-05,6.49E-06,1.37E-05,-0.000100162,8.63E-06,0.000129757,4.00E-06,1.99E-05,5.29E-36,-2.18E-06,9.21E-06,-9.80E-06,1.41E-05,1.71E-05,-2.29E-05,7.39E-06,-1.28E-05,1.29E-05,-6.31E-05,8.82E-06,9.43E-05,-1.46E-05,8.68E-05
